arm_duration,arm_inter_Kin,arm_inter_IK,arm_bbmv,lowerbody_duration,lowerbody_inter_Kin,lowerbody_inter_IK,lowerbody_bbmv,leg_duration,leg_inter_Kin,leg_inter_IK,leg_bbmv,head_duration,head_inter_Kin,head_inter_IK,head_bbmv,arm_moment_sum_Gmean,arm_moment_sum_Gstd,arm_moment_sum_pospeak_n,arm_moment_sum_pospeak_times,arm_moment_sum_integral,arm_moment_sum_range,arm_moment_sum_change_Gmean,arm_moment_sum_change_Gstd,arm_moment_sum_change_pospeak_mean,arm_moment_sum_change_pospeak_std,arm_moment_sum_change_pospeak_n,arm_moment_sum_change_pospeak_times,arm_moment_sum_change_integral,arm_moment_sum_change_range,arm_speedKin_sum_Gmean,arm_speedKin_sum_Gstd,arm_speedKin_sum_pospeak_mean,arm_speedKin_sum_pospeak_std,arm_speedKin_sum_pospeak_n,arm_speedKin_sum_pospeak_times,arm_speedKin_sum_integral,arm_speedKin_sum_range,arm_accKin_sum_Gmean,arm_accKin_sum_Gstd,arm_accKin_sum_pospeak_mean,arm_accKin_sum_pospeak_std,arm_accKin_sum_pospeak_n,arm_accKin_sum_pospeak_times,arm_accKin_sum_negpeak_n,arm_accKin_sum_negpeak_times,arm_accKin_sum_integral,arm_accKin_sum_range,arm_jerkKin_sum_Gmean,arm_jerkKin_sum_Gstd,arm_jerkKin_sum_pospeak_mean,arm_jerkKin_sum_pospeak_std,arm_jerkKin_sum_pospeak_n,arm_jerkKin_sum_pospeak_times,arm_jerkKin_sum_integral,arm_jerkKin_sum_range,arm_angSpeed_sum_Gmean,arm_angSpeed_sum_Gstd,arm_angSpeed_sum_pospeak_mean,arm_angSpeed_sum_pospeak_std,arm_angSpeed_sum_pospeak_n,arm_angSpeed_sum_pospeak_times,arm_angSpeed_sum_integral,arm_angSpeed_sum_range,arm_angAcc_sum_Gmean,arm_angAcc_sum_Gstd,arm_angAcc_sum_pospeak_mean,arm_angAcc_sum_pospeak_std,arm_angAcc_sum_pospeak_n,arm_angAcc_sum_pospeak_times,arm_angAcc_sum_negpeak_n,arm_angAcc_sum_negpeak_times,arm_angAcc_sum_integral,arm_angAcc_sum_range,arm_angJerk_sum_Gmean,arm_angJerk_sum_Gstd,arm_angJerk_sum_pospeak_mean,arm_angJerk_sum_pospeak_std,arm_angJerk_sum_pospeak_n,arm_angJerk_sum_pospeak_times,arm_angJerk_sum_integral,arm_angJerk_sum_range,lowerbody_power_Gmean,lowerbody_power_Gstd,lowerbody_power_pospeak_mean,lowerbody_power_pospeak_n,lowerbody_power_pospeak_times,lowerbody_power_integral,lowerbody_power_range,leg_power_Gmean,leg_power_Gstd,leg_power_pospeak_mean,leg_power_pospeak_std,leg_power_pospeak_n,leg_power_pospeak_times,leg_power_integral,leg_power_range,head_power_Gmean,head_power_Gstd,head_power_pospeak_mean,head_power_pospeak_std,head_power_pospeak_n,head_power_pospeak_times,head_power_integral,head_power_range,arm_power_Gmean,arm_power_Gstd,arm_power_pospeak_mean,arm_power_pospeak_n,arm_power_pospeak_times,arm_power_integral,arm_power_range,lowerbody_moment_sum_Gmean,lowerbody_moment_sum_Gstd,lowerbody_moment_sum_pospeak_mean,lowerbody_moment_sum_pospeak_n,lowerbody_moment_sum_pospeak_times,lowerbody_moment_sum_integral,lowerbody_moment_sum_range,lowerbody_moment_sum_change_Gmean,lowerbody_moment_sum_change_Gstd,lowerbody_moment_sum_change_pospeak_mean,lowerbody_moment_sum_change_pospeak_std,lowerbody_moment_sum_change_pospeak_n,lowerbody_moment_sum_change_pospeak_times,lowerbody_moment_sum_change_integral,lowerbody_moment_sum_change_range,lowerbody_speedKin_sum_Gmean,lowerbody_speedKin_sum_Gstd,lowerbody_speedKin_sum_pospeak_mean,lowerbody_speedKin_sum_pospeak_std,lowerbody_speedKin_sum_pospeak_n,lowerbody_speedKin_sum_pospeak_times,lowerbody_speedKin_sum_integral,lowerbody_speedKin_sum_range,lowerbody_accKin_sum_Gmean,lowerbody_accKin_sum_Gstd,lowerbody_accKin_sum_pospeak_mean,lowerbody_accKin_sum_pospeak_std,lowerbody_accKin_sum_pospeak_n,lowerbody_accKin_sum_pospeak_times,lowerbody_accKin_sum_negpeak_n,lowerbody_accKin_sum_negpeak_times,lowerbody_accKin_sum_integral,lowerbody_accKin_sum_range,lowerbody_jerkKin_sum_Gmean,lowerbody_jerkKin_sum_Gstd,lowerbody_jerkKin_sum_pospeak_mean,lowerbody_jerkKin_sum_pospeak_std,lowerbody_jerkKin_sum_pospeak_n,lowerbody_jerkKin_sum_pospeak_times,lowerbody_jerkKin_sum_integral,lowerbody_jerkKin_sum_range,lowerbody_angSpeed_sum_Gmean,lowerbody_angSpeed_sum_Gstd,lowerbody_angSpeed_sum_pospeak_mean,lowerbody_angSpeed_sum_pospeak_std,lowerbody_angSpeed_sum_pospeak_n,lowerbody_angSpeed_sum_pospeak_times,lowerbody_angSpeed_sum_integral,lowerbody_angSpeed_sum_range,lowerbody_angAcc_sum_Gmean,lowerbody_angAcc_sum_Gstd,lowerbody_angAcc_sum_pospeak_mean,lowerbody_angAcc_sum_pospeak_std,lowerbody_angAcc_sum_pospeak_n,lowerbody_angAcc_sum_pospeak_times,lowerbody_angAcc_sum_negpeak_n,lowerbody_angAcc_sum_negpeak_times,lowerbody_angAcc_sum_integral,lowerbody_angAcc_sum_range,lowerbody_angJerk_sum_Gmean,lowerbody_angJerk_sum_Gstd,lowerbody_angJerk_sum_pospeak_mean,lowerbody_angJerk_sum_pospeak_std,lowerbody_angJerk_sum_pospeak_n,lowerbody_angJerk_sum_pospeak_times,lowerbody_angJerk_sum_integral,lowerbody_angJerk_sum_range,leg_moment_sum_Gmean,leg_moment_sum_Gstd,leg_moment_sum_pospeak_mean,leg_moment_sum_pospeak_std,leg_moment_sum_pospeak_n,leg_moment_sum_pospeak_times,leg_moment_sum_integral,leg_moment_sum_range,leg_moment_sum_change_Gmean,leg_moment_sum_change_Gstd,leg_moment_sum_change_pospeak_mean,leg_moment_sum_change_pospeak_n,leg_moment_sum_change_pospeak_times,leg_moment_sum_change_integral,leg_moment_sum_change_range,leg_speedKin_sum_Gmean,leg_speedKin_sum_Gstd,leg_speedKin_sum_pospeak_mean,leg_speedKin_sum_pospeak_std,leg_speedKin_sum_pospeak_n,leg_speedKin_sum_pospeak_times,leg_speedKin_sum_integral,leg_speedKin_sum_range,leg_accKin_sum_Gmean,leg_accKin_sum_Gstd,leg_accKin_sum_pospeak_mean,leg_accKin_sum_pospeak_std,leg_accKin_sum_pospeak_n,leg_accKin_sum_pospeak_times,leg_accKin_sum_negpeak_n,leg_accKin_sum_negpeak_times,leg_accKin_sum_integral,leg_accKin_sum_range,leg_jerkKin_sum_Gmean,leg_jerkKin_sum_Gstd,leg_jerkKin_sum_pospeak_mean,leg_jerkKin_sum_pospeak_std,leg_jerkKin_sum_pospeak_n,leg_jerkKin_sum_pospeak_times,leg_jerkKin_sum_integral,leg_jerkKin_sum_range,leg_angSpeed_sum_Gmean,leg_angSpeed_sum_Gstd,leg_angSpeed_sum_pospeak_mean,leg_angSpeed_sum_pospeak_std,leg_angSpeed_sum_pospeak_n,leg_angSpeed_sum_pospeak_times,leg_angSpeed_sum_integral,leg_angSpeed_sum_range,leg_angAcc_sum_Gmean,leg_angAcc_sum_Gstd,leg_angAcc_sum_pospeak_mean,leg_angAcc_sum_pospeak_std,leg_angAcc_sum_pospeak_n,leg_angAcc_sum_pospeak_times,leg_angAcc_sum_negpeak_n,leg_angAcc_sum_negpeak_times,leg_angAcc_sum_integral,leg_angAcc_sum_range,leg_angJerk_sum_Gmean,leg_angJerk_sum_Gstd,leg_angJerk_sum_pospeak_mean,leg_angJerk_sum_pospeak_std,leg_angJerk_sum_pospeak_n,leg_angJerk_sum_pospeak_times,leg_angJerk_sum_integral,leg_angJerk_sum_range,head_moment_sum_Gmean,head_moment_sum_Gstd,head_moment_sum_pospeak_mean,head_moment_sum_pospeak_std,head_moment_sum_pospeak_n,head_moment_sum_pospeak_times,head_moment_sum_integral,head_moment_sum_range,head_moment_sum_change_Gmean,head_moment_sum_change_Gstd,head_moment_sum_change_pospeak_mean,head_moment_sum_change_pospeak_std,head_moment_sum_change_pospeak_n,head_moment_sum_change_pospeak_times,head_moment_sum_change_integral,head_moment_sum_change_range,head_speedKin_sum_Gmean,head_speedKin_sum_Gstd,head_speedKin_sum_pospeak_mean,head_speedKin_sum_pospeak_std,head_speedKin_sum_pospeak_n,head_speedKin_sum_pospeak_times,head_speedKin_sum_integral,head_speedKin_sum_range,head_accKin_sum_Gmean,head_accKin_sum_Gstd,head_accKin_sum_pospeak_mean,head_accKin_sum_pospeak_std,head_accKin_sum_pospeak_n,head_accKin_sum_pospeak_times,head_accKin_sum_negpeak_n,head_accKin_sum_negpeak_times,head_accKin_sum_integral,head_accKin_sum_range,head_jerkKin_sum_Gmean,head_jerkKin_sum_Gstd,head_jerkKin_sum_pospeak_mean,head_jerkKin_sum_pospeak_std,head_jerkKin_sum_pospeak_n,head_jerkKin_sum_pospeak_times,head_jerkKin_sum_integral,head_jerkKin_sum_range,head_angSpeed_sum_Gmean,head_angSpeed_sum_Gstd,head_angSpeed_sum_pospeak_mean,head_angSpeed_sum_pospeak_std,head_angSpeed_sum_pospeak_n,head_angSpeed_sum_pospeak_times,head_angSpeed_sum_integral,head_angSpeed_sum_range,head_angAcc_sum_Gmean,head_angAcc_sum_Gstd,head_angAcc_sum_pospeak_mean,head_angAcc_sum_pospeak_std,head_angAcc_sum_pospeak_n,head_angAcc_sum_pospeak_times,head_angAcc_sum_negpeak_n,head_angAcc_sum_negpeak_times,head_angAcc_sum_integral,head_angAcc_sum_range,head_angJerk_sum_Gmean,head_angJerk_sum_Gstd,head_angJerk_sum_pospeak_mean,head_angJerk_sum_pospeak_std,head_angJerk_sum_pospeak_n,head_angJerk_sum_pospeak_times,head_angJerk_sum_integral,head_angJerk_sum_range,duration_mov,numofArt,bbmv_total,COPc_Gmean,COPc_Gstd,COPc_pospeak_mean,COPc_pospeak_std,COPc_pospeak_n,COPc_pospeak_times,COPc_integral,COPc_range,spine_moment_sum_Gmean,spine_moment_sum_Gstd,spine_moment_sum_pospeak_mean,spine_moment_sum_pospeak_std,spine_moment_sum_pospeak_n,spine_moment_sum_pospeak_times,spine_moment_sum_integral,spine_moment_sum_range,pelvis_moment_sum_Gmean,pelvis_moment_sum_Gstd,pelvis_moment_sum_pospeak_mean,pelvis_moment_sum_pospeak_n,pelvis_moment_sum_pospeak_times,pelvis_moment_sum_integral,pelvis_moment_sum_range,spine_moment_sum_change_Gmean,spine_moment_sum_change_Gstd,spine_moment_sum_change_pospeak_mean,spine_moment_sum_change_pospeak_std,spine_moment_sum_change_pospeak_n,spine_moment_sum_change_pospeak_times,spine_moment_sum_change_integral,spine_moment_sum_change_range,pelvis_moment_sum_change_Gmean,pelvis_moment_sum_change_Gstd,pelvis_moment_sum_change_pospeak_mean,pelvis_moment_sum_change_pospeak_n,pelvis_moment_sum_change_pospeak_times,pelvis_moment_sum_change_integral,pelvis_moment_sum_change_range,envelope_Gmean,envelope_Gstd,envelope_pospeak_mean,envelope_pospeak_std,envelope_pospeak_n,envelope_pospeak_times,envelope_integral,envelope_range,envelope_change_Gmean,envelope_change_Gstd,envelope_change_pospeak_mean,envelope_change_pospeak_std,envelope_change_pospeak_n,envelope_change_pospeak_times,envelope_change_integral,envelope_change_range,f0_Gmean,f0_Gstd,f0_pospeak_n,f0_pospeak_times,f0_integral,f0_range,f1_clean_Gmean,f1_clean_Gstd,f1_clean_pospeak_n,f1_clean_pospeak_times,f1_clean_integral,f1_clean_range,f1_clean_vel_Gmean,f1_clean_vel_Gstd,f1_clean_vel_pospeak_mean,f1_clean_vel_pospeak_n,f1_clean_vel_pospeak_times,f1_clean_vel_range,f2_clean_Gmean,f2_clean_Gstd,f2_clean_pospeak_mean,f2_clean_pospeak_n,f2_clean_pospeak_times,f2_clean_integral,f2_clean_range,f2_clean_vel_Gmean,f2_clean_vel_Gstd,f2_clean_vel_pospeak_mean,f2_clean_vel_pospeak_std,f2_clean_vel_pospeak_n,f2_clean_vel_pospeak_times,f2_clean_vel_range,f3_clean_Gmean,f3_clean_Gstd,f3_clean_pospeak_mean,f3_clean_pospeak_std,f3_clean_pospeak_n,f3_clean_pospeak_times,f3_clean_integral,f3_clean_range,f3_clean_vel_Gmean,f3_clean_vel_Gstd,f3_clean_vel_pospeak_mean,f3_clean_vel_pospeak_std,f3_clean_vel_pospeak_n,f3_clean_vel_pospeak_times,f3_clean_vel_range,CoG_pospeak_n,CoG_pospeak_times,duration_voc,VSA_f1f2,body_nComp_80,body_slope_80,body_nComp_95,body_slope_95,arm_nComp_80,arm_slope_80,arm_nComp_95,arm_slope_95,arms_submovements,Wrist_tempVar,arm_coupling,arm_asymmetry,TrialID,concept,modality,correction,answer_fol,answer_fol_dist,answer_prev,answer_prev_dist,expressibility,response_time_sec,arm_moment_sum_pospeak_mean,arm_power_pospeak_std,pelvis_moment_sum_change_pospeak_std,pelvis_moment_sum_pospeak_std,f1_clean_vel_integral,f2_clean_vel_integral,f3_clean_vel_integral,arm_moment_sum_pospeak_std,lowerbody_moment_sum_pospeak_std,f1_clean_pospeak_mean,lowerbody_power_pospeak_std,leg_moment_sum_change_pospeak_std,f2_clean_pospeak_std,f1_clean_pospeak_std,f1_clean_vel_pospeak_std,CoG_Gmean,CoG_Gstd,CoG_pospeak_mean,CoG_pospeak_std,CoG_integral,CoG_range,concept_id,correction_info
,,,,,,,,,,,,1722.0,25.752,28.109,2.16,,,,,,,,,,,,,,,,,,,,,,,,,,,,,,,,,,,,,,,,,,,,,,,,,,,,,,,,,,,,,,,,,,,-0.124,0.377,,0.0,[],-106.677,1.053,-0.79,0.139,,,0.0,[],-680.416,0.544,0.999,0.897,-0.411,,1.0,[968.0],860.495,3.006,-0.867,0.817,,0.0,[],-747.341,2.962,,,,,,,,,,,,,,,,,,,,,,,,,,,,,,,,,,,,,,,,,,,,,,,,,,,,,,,,,,,,,,,,,,,,,,,,,,,,,,,,,,,,,,,,,,,,,,,,,,,,,,,,,,,,,,,,,,,,,,,,,,,,,,,,,,,,,,,-0.641,0.402,-0.192,,1.0,[1288.0],-551.709,1.298,-0.875,0.108,,,0.0,[],-753.631,0.432,0.356,0.809,-0.498,0.25,2.0,"[904.0, 1520.0]",306.259,3.189,0.095,0.965,-0.498,0.25,2.0,"[2384.0, 2700.0, 2950.0, 3218.0, 3566.0, 3800.0]",0.0,[],81.154,4.04,-0.141,0.967,-0.743,0.625,6.0,"[70.0, 452.0, 654.0, 904.0, 1268.0, 1518.0]",-120.939,3.712,1.207,1.518,0.056,,1.0,[936.0],1039.629,4.806,3.409,2.434,0.056,,1.0,"[2734.0, 3518.0]",0.0,[],2936.99,8.695,5.115,3.971,1.534,2.03,2.0,"[220.0, 936.0]",4405.361,14.59,1722.0,1.0,2.16,0.782,1.64,-0.61,0.183,6,"[56.0, 404.0, 692.0, 924.0, 1118.0, 1470.0]",670.766,8.215,0.883,0.415,0.036,1.04,2,"[586.0, 1404.0]",761.076,2.066,-2.222,0.74,-1.418,1,[652.0],-1914.409,3.254,-0.598,0.077,,,0,[],-514.742,0.328,-0.141,0.437,,0,[],-121.788,1.219,0.288,1.438,0.297,2.393,6.0,"[136.0, 438.0, 704.0, 990.0, 1416.0, 2126.0]",337.541,7.888,0.016,0.788,0.042,0.927,7.0,"[90.0, 478.0, 742.0, 946.0, 1372.0, 1904.0, 2286.0]",19.562,3.734,,,0.0,[],,,0.283,1.072,2.0,"[130.0, 484.0]",,3.758,0.027,0.763,,4.0,"[148.0, 372.0, 480.0, 582.0]",7.156,0.196,0.667,,1.0,[434.0],,2.841,-0.016,0.939,,,2.0,"[162.0, 586.0]",8.612,-0.448,0.269,,,2.0,"[164.0, 522.0]",,1.531,0.038,0.43,,,3.0,"[162.0, 390.0, 516.0]",3.335,0.0,[],2334.0,1.743,2,0.378,4,0.168,0,0.0,0,0.0,0,0,,0.0,0_2_73_p0,geur,geluiden,c0,ruiken,0.867,,,0.338,7.168,,,,,,,,,,,,,,,,,,,,,,geur_geluiden_p0,c0
,,,,,,,,,,,,2220.0,26.868,27.571,2.43,,,,,,,,,,,,,,,,,,,,,,,,,,,,,,,,,,,,,,,,,,,,,,,,,,,,,,,,,,,,,,,,,,,-0.141,0.503,,0.0,[],-157.475,2.482,-1.283,0.111,,,0.0,[],-1424.302,0.496,-1.06,0.355,,,0.0,[],-1176.584,1.278,-0.742,0.671,5.043,1.0,[1022.0],-823.978,2.713,,,,,,,,,,,,,,,,,,,,,,,,,,,,,,,,,,,,,,,,,,,,,,,,,,,,,,,,,,,,,,,,,,,,,,,,,,,,,,,,,,,,,,,,,,,,,,,,,,,,,,,,,,,,,,,,,,,,,,,,,,,,,,,,,,,,,,,-0.061,0.461,0.101,,1.0,[1634.0],-67.784,1.736,-0.597,0.637,,,0.0,[],-663.219,2.863,-0.213,0.683,-0.699,0.165,3.0,"[136.0, 1120.0, 1802.0]",-236.714,2.924,0.241,0.965,-0.699,0.165,3.0,"[2666.0, 3050.0, 3448.0, 3684.0, 3916.0, 4134.0, 4382.0, 4618.0]",0.0,[],266.668,4.386,0.127,0.95,-0.755,0.415,9.0,"[118.0, 320.0, 518.0, 870.0, 1134.0, 1352.0, 1584.0, 1820.0, 2052.0]",141.901,4.237,-1.071,0.444,-1.634,,1.0,[352.0],-1188.817,1.679,-0.492,0.857,-1.634,,1.0,"[3216.0, 3968.0]",0.0,[],-547.44,3.77,-0.218,1.5,-1.085,0.946,3.0,"[370.0, 1168.0, 1902.0]",-240.903,5.994,2220.0,1.0,2.43,-0.499,0.937,-1.042,0.287,11,"[258.0, 422.0, 598.0, 784.0, 970.0, 1110.0, 1222.0, 1358.0, 1592.0, 1862.0, 1984.0]",-553.735,4.54,-0.715,0.485,-0.75,0.419,3,"[852.0, 1634.0, 2100.0]",-793.87,3.294,0.779,0.618,-1.211,1,[1952.0],867.43,3.883,-0.381,0.99,,,0,[],-423.92,3.751,-0.189,0.686,,0,[],-211.212,3.138,0.805,2.106,-0.586,0.231,5.0,"[348.0, 488.0, 2246.0, 2970.0, 3426.0]",1417.739,7.888,-0.258,0.367,-0.336,0.508,5.0,"[164.0, 328.0, 652.0, 2194.0, 3020.0]",-453.579,1.735,,,0.0,[],,,-0.442,1.279,5.0,"[58.0, 186.0, 774.0, 890.0, 1106.0]",,5.174,0.1,1.761,0.09,5.0,"[32.0, 142.0, 258.0, 818.0, 1102.0]",18.546,0.031,0.677,0.17,5.0,"[84.0, 200.0, 774.0, 886.0, 1150.0]",,2.656,0.073,1.033,0.21,,4.0,"[142.0, 252.0, 838.0, 1112.0]",9.522,-0.487,0.425,-0.964,,2.0,"[144.0, 774.0]",,1.694,0.086,0.574,0.104,,4.0,"[142.0, 244.0, 818.0, 1120.0]",5.012,0.0,[],3518.0,1.866,3,0.254,4,0.194,0,0.0,0,0.0,0,0,,0.0,0_2_74_p0,geur,geluiden,c1,neus,0.33,ruiken,0.867,0.338,13.457,,,,,,,,,,0.03,,,0.685,0.11,,,,,,,,geur_geluiden_p0,c1
4032.0,26.813,29.551,7.986,,,,,,,,,3914.0,28.189,31.118,3.624,-4.808,1.316,3.0,"[1052.0, 2386.0, 3286.0]",-9695.851,7.559,-0.011,1.296,-0.341,,1.0,[218.0],-23.814,4.489,0.707,1.128,0.743,1.069,5.0,"[136.0, 1102.0, 1654.0, 2152.0, 2718.0]",1423.166,4.237,0.285,0.741,0.743,1.069,5.0,"[1152.0, 1468.0, 1868.0, 2118.0, 2468.0, 2684.0, 2900.0, 3300.0, 3500.0, 3816.0, 4168.0, 4382.0]",0.0,[],572.296,3.347,0.172,0.58,0.334,0.778,14.0,"[102.0, 422.0, 654.0, 1120.0, 1368.0, 1668.0, 1954.0, 2170.0, 2402.0, 2568.0, 2788.0, 3020.0, 3638.0, 3838.0]",345.959,3.045,0.529,1.259,0.361,0.47,4.0,"[320.0, 1552.0, 2120.0, 2704.0]",1063.901,4.713,1.247,1.44,0.361,0.47,4.0,"[682.0, 1316.0, 1916.0, 2500.0, 3050.0, 3618.0]",0.0,[],2511.939,6.006,1.713,1.46,2.368,1.298,6.0,"[354.0, 1002.0, 1602.0, 2152.0, 2704.0, 3320.0]",3451.26,6.059,-0.269,0.221,,0.0,[],-527.589,0.857,-1.238,0.198,,,0.0,[],-2423.01,0.672,0.019,0.896,-0.717,0.749,2.0,"[1732.0, 2790.0]",37.284,3.278,-0.026,1.008,-0.41,1.0,[1994.0],-52.975,3.817,,,,,,,,,,,,,,,,,,,,,,,,,,,,,,,,,,,,,,,,,,,,,,,,,,,,,,,,,,,,,,,,,,,,,,,,,,,,,,,,,,,,,,,,,,,,,,,,,,,,,,,,,,,,,,,,,,,,,,,,,,,,,,,,,,,,,,,-0.103,0.586,-0.295,0.464,3.0,"[620.0, 1468.0, 3386.0]",-201.313,2.507,-0.484,0.452,-0.023,,1.0,[552.0],-948.446,1.497,-0.041,0.986,-0.46,0.647,5.0,"[1302.0, 1752.0, 2202.0, 2688.0, 3804.0]",-80.043,4.306,-0.141,1.04,-0.46,0.647,5.0,"[868.0, 1182.0, 1466.0, 1866.0, 2068.0, 2300.0, 2634.0, 3016.0, 3232.0, 3500.0, 3932.0, 4366.0]",0.0,[],-277.489,4.725,-0.233,0.945,-0.056,0.813,13.0,"[70.0, 338.0, 638.0, 1070.0, 1302.0, 1520.0, 1754.0, 2220.0, 2452.0, 2688.0, 2920.0, 3136.0, 3820.0]",-456.834,4.864,0.041,1.162,-0.492,1.098,2.0,"[1754.0, 2738.0]",78.997,4.218,1.186,1.663,-0.492,1.098,2.0,"[1082.0, 2068.0, 3000.0, 3918.0]",0.0,[],2320.589,7.206,1.909,2.774,2.747,2.843,4.0,"[738.0, 1920.0, 2720.0, 3670.0]",3734.632,10.204,4032.0,1.0,11.609,-0.364,0.686,-0.41,0.644,22,"[236.0, 372.0, 472.0, 614.0, 736.0, 924.0, 1054.0, 1170.0, 1296.0, 1430.0, 1648.0, 1886.0, 2028.0, 2308.0, 2458.0, 2638.0, 2966.0, 3098.0, 3246.0, 3566.0, 3682.0, 3888.0]",-733.898,3.198,3.852,0.898,3.157,1.607,3,"[702.0, 2286.0, 3802.0]",7767.336,4.358,-0.794,0.819,-2.113,1,[368.0],-1599.21,2.932,-0.632,0.395,-0.644,,1,[338.0],-1275.177,1.282,-0.311,0.289,,0,[],-628.071,1.097,0.281,1.843,-0.584,0.196,3.0,"[280.0, 936.0, 1336.0]",357.523,7.889,-0.243,0.505,-0.542,0.066,5.0,"[144.0, 312.0, 562.0, 986.0, 1284.0]",-308.236,2.724,,,0.0,[],,,0.239,0.376,0.0,[],,1.346,-0.07,0.498,,1.0,[84.0],2.376,0.219,0.229,,1.0,[104.0],,0.758,0.054,0.324,,,1.0,[86.0],1.454,-0.433,0.363,,,1.0,[104.0],,1.271,0.095,0.478,,,1.0,[92.0],2.404,0.0,[],2542.0,-0.494,3,0.228,6,0.115,3,0.198,5,0.122,"[7, 8]","[273.3384145869162, 161.76828982169755]",0.825,-2869.544,0_2_75_p0,geur,geluiden,c2,geur,1.0,neus,0.33,0.338,4.855,-5.012,,,,,,,0.295,,,,,,,,,,,,,,geur_geluiden_p0,c2
,,,,,,,,,,,,1632.0,24.829,28.494,6.011,,,,,,,,,,,,,,,,,,,,,,,,,,,,,,,,,,,,,,,,,,,,,,,,,,,,,,,,,,,,,,,,,,,-0.151,0.083,,0.0,[],-123.03,0.349,-1.173,0.084,,,0.0,[],-957.142,0.266,1.232,0.78,-0.028,0.265,2.0,"[280.0, 1224.0]",1005.818,2.576,0.024,0.421,,0.0,[],18.202,1.784,,,,,,,,,,,,,,,,,,,,,,,,,,,,,,,,,,,,,,,,,,,,,,,,,,,,,,,,,,,,,,,,,,,,,,,,,,,,,,,,,,,,,,,,,,,,,,,,,,,,,,,,,,,,,,,,,,,,,,,,,,,,,,,,,,,,,,,-0.394,0.778,0.863,,1.0,[1394.0],-321.806,2.433,-0.064,0.431,,,0.0,[],-52.744,1.659,4.565,2.601,0.057,0.76,2.0,"[394.0, 1096.0]",3727.908,8.171,3.636,2.745,0.057,0.76,2.0,"[1484.0, 1998.0, 2318.0, 2716.0, 2968.0]",0.0,[],2969.35,10.22,2.464,2.212,-0.403,0.913,5.0,"[126.0, 428.0, 744.0, 1126.0, 1426.0]",2012.551,8.151,1.497,1.337,-0.468,0.094,2.0,"[310.0, 1228.0]",1223.528,4.826,3.448,2.78,-0.468,0.094,2.0,[2218.0],0.0,[],2812.144,8.607,7.433,3.833,-0.564,1.506,2.0,"[410.0, 1228.0]",6071.53,13.251,1944.0,1.0,6.011,0.183,1.159,-0.363,0.739,10,"[176.0, 314.0, 586.0, 742.0, 908.0, 1148.0, 1288.0, 1456.0, 1654.0, 1758.0]",179.16,4.791,0.432,1.218,-0.881,2.767,2,"[190.0, 1072.0]",422.046,5.318,-0.457,0.819,-0.505,1,[1056.0],-443.402,2.553,-0.086,0.446,,,0,[],-83.866,1.738,-0.221,0.162,,0,[],-215.172,0.828,0.446,1.907,-0.641,0.118,3.0,"[208.0, 748.0, 1382.0]",359.095,7.858,-0.122,0.714,-0.572,0.0,2.0,"[122.0, 266.0]",-97.789,3.174,,,0.0,[],,,-2.528,1.229,1.0,[66.0],,4.251,-0.024,1.009,,1.0,[78.0],12.913,-1.863,0.773,,1.0,[146.0],,2.404,0.024,0.332,,,4.0,"[78.0, 194.0, 304.0, 434.0]",3.315,-1.258,0.232,,,2.0,"[80.0, 392.0]",,1.452,0.062,0.345,,,2.0,"[78.0, 388.0]",4.04,0.0,[],1604.0,1.901,2,0.306,4,0.146,0,0.0,0,0.0,0,0,,0.0,0_2_76_p0,vlieg,geluiden,c0,vliegen,0.883,,,0.567,8.628,,,,,,,,,,,,,,,,,,,,,,vlieg_geluiden_p0,c0
,,,,,,,,,,,,2428.0,27.58,29.279,2.224,,,,,,,,,,,,,,,,,,,,,,,,,,,,,,,,,,,,,,,,,,,,,,,,,,,,,,,,,,,,,,,,,,,-0.465,0.077,,0.0,[],-564.703,0.354,-1.317,0.105,,,0.0,[],-1599.411,0.448,-0.7,0.561,-0.802,,1.0,[366.0],-849.598,1.818,-0.514,0.873,5.094,1.0,[426.0],-624.915,2.491,,,,,,,,,,,,,,,,,,,,,,,,,,,,,,,,,,,,,,,,,,,,,,,,,,,,,,,,,,,,,,,,,,,,,,,,,,,,,,,,,,,,,,,,,,,,,,,,,,,,,,,,,,,,,,,,,,,,,,,,,,,,,,,,,,,,,,,0.188,0.501,-0.279,0.175,2.0,"[760.0, 2262.0]",228.085,1.884,-0.437,0.183,,,0.0,[],-530.598,0.743,-0.35,0.737,-0.601,0.914,3.0,"[510.0, 1028.0, 1896.0]",-424.299,2.984,-0.232,1.037,-0.601,0.914,3.0,"[1316.0, 1566.0, 1832.0, 2082.0, 2332.0, 2650.0, 2966.0, 3218.0, 3568.0]",0.0,[],-281.791,4.676,-0.34,1.011,0.488,1.346,8.0,"[260.0, 562.0, 796.0, 1044.0, 1278.0, 1694.0, 1928.0, 2194.0]",-412.563,4.283,-0.698,0.827,-1.24,0.162,3.0,"[378.0, 1144.0, 1910.0]",-847.187,2.843,0.379,1.354,-1.24,0.162,3.0,"[1918.0, 2718.0, 3400.0]",0.0,[],459.764,5.022,1.345,2.456,-1.101,1.767,3.0,"[396.0, 1128.0, 1910.0]",1634.304,8.296,2428.0,1.0,2.224,-0.869,0.375,-0.749,0.399,14,"[114.0, 256.0, 356.0, 524.0, 748.0, 892.0, 1122.0, 1246.0, 1426.0, 1546.0, 1664.0, 1908.0, 2084.0, 2304.0]",-1055.346,1.894,-0.934,0.228,-0.896,,1,[810.0],-1133.942,0.895,0.562,0.184,,0,[],682.514,0.608,-0.952,0.116,,,0,[],-1156.166,0.658,-0.572,0.087,,0,[],-694.287,0.457,0.804,1.927,0.003,0.728,7.0,"[80.0, 486.0, 954.0, 1468.0, 1580.0, 1720.0, 1972.0]",916.49,7.888,0.037,0.89,-0.266,0.355,6.0,"[206.0, 1428.0, 1620.0, 1758.0, 1936.0, 2118.0]",42.124,4.716,,,0.0,[],,,-1.818,1.71,2.0,"[96.0, 248.0]",,5.512,0.106,0.683,0.743,5.0,"[82.0, 196.0, 416.0, 1806.0, 2192.0]",10.122,-1.665,1.178,-0.491,7.0,"[82.0, 244.0, 378.0, 478.0, 1518.0, 1644.0, 2048.0]",,5.04,0.051,1.129,0.666,0.672,9.0,"[80.0, 204.0, 368.0, 476.0, 1436.0, 1596.0, 1806.0, 2046.0, 2192.0]",11.657,-1.148,0.616,-0.487,0.739,7.0,"[94.0, 238.0, 1522.0, 1642.0, 1762.0, 2094.0, 2194.0]",,3.092,0.078,0.607,0.06,0.117,9.0,"[70.0, 212.0, 336.0, 476.0, 1438.0, 1640.0, 1746.0, 2090.0, 2190.0]",8.992,0.0,[],2278.0,2.661,3,0.196,5,0.131,0,0.0,0,0.0,0,0,,0.0,0_2_77_p0,vlieg,geluiden,c1,vuurwerk,0.117,vliegen,0.883,0.567,2.853,,,,,,,,,,,,,1.624,,,,,,,,,vlieg_geluiden_p0,c1
,,,,,,,,,,,,2418.0,26.662,30.444,4.374,,,,,,,,,,,,,,,,,,,,,,,,,,,,,,,,,,,,,,,,,,,,,,,,,,,,,,,,,,,,,,,,,,,-0.327,0.105,,0.0,[],-394.926,0.342,-1.193,0.06,,,0.0,[],-1442.764,0.182,0.009,0.559,-0.098,1.134,2.0,"[596.0, 1512.0]",12.104,1.697,1.378,1.816,-0.609,1.0,[1262.0],1666.769,5.418,,,,,,,,,,,,,,,,,,,,,,,,,,,,,,,,,,,,,,,,,,,,,,,,,,,,,,,,,,,,,,,,,,,,,,,,,,,,,,,,,,,,,,,,,,,,,,,,,,,,,,,,,,,,,,,,,,,,,,,,,,,,,,,,,,,,,,,-0.226,0.807,0.41,0.677,3.0,"[274.0, 1104.0, 1556.0]",-272.687,2.904,0.194,0.175,0.251,0.142,3.0,"[956.0, 1238.0, 2222.0]",234.434,0.611,2.518,2.147,1.713,2.327,3.0,"[772.0, 1490.0, 1874.0]",3043.28,7.539,2.71,2.34,1.713,2.327,3.0,"[850.0, 1066.0, 1482.0, 1766.0, 2200.0, 2468.0, 3018.0]",0.0,[],3279.559,10.111,2.094,1.903,0.909,2.747,8.0,"[122.0, 374.0, 804.0, 1056.0, 1506.0, 1704.0, 1888.0, 2074.0]",2532.182,8.742,0.072,0.872,-0.087,1.699,2.0,"[722.0, 1488.0]",87.374,3.401,1.666,1.677,-0.087,1.699,2.0,"[1216.0, 1966.0, 2666.0]",0.0,[],2015.283,6.316,3.604,3.106,3.194,4.034,3.0,"[774.0, 1474.0, 2140.0]",4359.86,12.775,2418.0,1.0,4.374,-0.538,0.693,-0.809,0.393,13,"[116.0, 332.0, 474.0, 714.0, 902.0, 1020.0, 1150.0, 1350.0, 1460.0, 1670.0, 1880.0, 2080.0, 2288.0]",-650.138,3.532,-0.53,0.404,-0.215,0.338,2,"[638.0, 1456.0]",-640.344,1.563,-0.169,0.574,0.191,1,[990.0],-203.946,1.677,-0.59,0.084,,,0,[],-713.038,0.297,-0.386,0.13,,0,[],-466.2,0.398,0.779,2.046,1.788,4.266,3.0,"[224.0, 952.0, 2436.0]",1116.787,7.853,-0.149,0.674,-0.237,0.756,5.0,"[66.0, 302.0, 650.0, 984.0, 2318.0]",-213.599,3.291,,,0.0,[],,,1.033,0.459,2.0,"[142.0, 952.0]",,2.675,0.096,0.809,0.242,5.0,"[92.0, 216.0, 846.0, 948.0, 1102.0]",6.374,-0.415,0.275,-0.505,5.0,"[50.0, 152.0, 852.0, 982.0, 1088.0]",,1.381,0.063,0.475,-0.627,,5.0,"[44.0, 148.0, 842.0, 962.0, 1102.0]",3.767,-0.781,0.232,,,1.0,[194.0],,0.873,0.06,0.268,0.005,,4.0,"[30.0, 192.0, 882.0, 1086.0]",3.331,0.0,[],2862.0,0.932,2,0.297,4,0.149,0,0.0,0,0.0,0,0,,0.0,0_2_78_p0,vlieg,geluiden,c2,blazen,0.122,vuurwerk,0.117,0.567,10.021,,,,,,,,,,0.993,,,,,1.777,,,,,,,vlieg_geluiden_p0,c2
3306.0,27.175,28.826,6.781,,,,,,,,,890.0,23.552,25.879,1.215,-0.842,1.308,3.0,"[608.0, 1822.0, 2588.0]",-1391.582,4.399,0.061,0.576,0.221,0.674,3.0,"[640.0, 1440.0, 2556.0]",101.601,1.887,1.311,1.51,0.57,1.529,5.0,"[372.0, 1040.0, 2322.0, 2856.0, 3208.0]",2167.325,6.615,0.958,1.608,0.57,1.529,5.0,"[550.0, 816.0, 1232.0, 1468.0, 1998.0, 2266.0, 2534.0, 2798.0, 3048.0, 3268.0]",0.0,[],1583.9,6.611,0.915,1.481,0.586,1.268,13.0,"[138.0, 390.0, 624.0, 1056.0, 1438.0, 1624.0, 1824.0, 2108.0, 2372.0, 2624.0, 2856.0, 3058.0, 3258.0]",1512.299,7.482,1.288,2.084,1.856,0.594,2.0,"[290.0, 1008.0]",2129.471,7.121,2.255,2.823,1.856,0.594,2.0,"[982.0, 1682.0, 2834.0, 3300.0]",0.0,[],3729.002,10.543,2.758,2.959,1.497,1.513,4.0,"[324.0, 1022.0, 1674.0, 2756.0]",4560.11,10.518,0.032,0.163,-0.171,1.0,[444.0],14.547,0.507,-0.835,0.154,,,0.0,[],-371.235,0.478,0.261,0.72,-0.271,,1.0,[280.0],116.981,2.004,2.337,0.663,,0.0,[],1039.635,2.392,,,,,,,,,,,,,,,,,,,,,,,,,,,,,,,,,,,,,,,,,,,,,,,,,,,,,,,,,,,,,,,,,,,,,,,,,,,,,,,,,,,,,,,,,,,,,,,,,,,,,,,,,,,,,,,,,,,,,,,,,,,,,,,,,,,,,,,-0.393,1.097,,,0.0,[],-176.068,3.567,0.069,0.275,-0.204,,1.0,[316.0],31.132,0.808,0.204,1.037,-0.616,,1.0,[350.0],91.542,3.078,0.859,1.612,-0.616,,1.0,"[584.0, 850.0, 1150.0]",0.0,[],384.027,5.246,0.672,1.353,-0.133,0.33,3.0,"[100.0, 364.0, 616.0]",300.003,5.028,0.365,1.224,-0.275,,1.0,[332.0],163.571,3.767,1.509,1.791,-0.275,,1.0,[1100.0],0.0,[],670.398,5.468,2.608,3.232,-0.012,,1.0,[350.0],1163.298,10.087,3306.0,1.0,7.996,0.848,1.901,0.653,2.087,15,"[132.0, 338.0, 536.0, 692.0, 808.0, 998.0, 1192.0, 1488.0, 1680.0, 1870.0, 2322.0, 2698.0, 2836.0, 3060.0, 3260.0]",1403.177,8.302,0.227,0.858,0.198,0.663,3,"[672.0, 2056.0, 2572.0]",374.22,3.091,-0.376,1.406,0.019,2,"[1206.0, 3006.0]",-620.681,4.15,-0.478,0.165,-0.435,,1,[1008.0],-790.581,0.671,-0.075,0.271,-0.137,2,"[1806.0, 2838.0]",-123.824,0.931,0.317,1.751,-0.5,0.001,5.0,"[64.0, 240.0, 1918.0, 2062.0, 2430.0]",421.491,7.713,-0.144,0.857,-0.571,0.002,5.0,"[32.0, 282.0, 1888.0, 2120.0, 2404.0]",-191.752,4.675,,,0.0,[],,,-1.416,1.607,3.0,"[688.0, 1978.0, 2144.0]",,4.884,0.18,1.146,-0.727,4.0,"[616.0, 722.0, 1972.0, 2122.0]",13.569,-1.208,0.976,,4.0,"[648.0, 872.0, 1908.0, 2124.0]",,3.655,0.07,0.878,0.285,,6.0,"[612.0, 722.0, 870.0, 1892.0, 2022.0, 2122.0]",13.862,-0.924,0.592,,,4.0,"[728.0, 908.0, 2000.0, 2124.0]",,2.655,0.091,0.432,0.169,,5.0,"[612.0, 726.0, 892.0, 1996.0, 2122.0]",5.129,0.0,[],2658.0,2.235,3,0.218,5,0.136,2,0.207,4,0.114,"[6, 7]","[142.55048228610102, 113.11351230806453]",0.501,-3412.692,0_2_79_p0,scherp,geluiden,c0,snijden,0.246,,,0.29,6.757,-0.67,,0.004,1.724,,,,1.054,,,,,,,,,,,,,,scherp_geluiden_p0,c0
,,,,,,,,,,,,,,,,,,,,,,,,,,,,,,,,,,,,,,,,,,,,,,,,,,,,,,,,,,,,,,,,,,,,,,,,,,,,,,,,,,,,,,,,,,,,,,,,,,,,,,,,,,,,,,,,,,,,,,,,,,,,,,,,,,,,,,,,,,,,,,,,,,,,,,,,,,,,,,,,,,,,,,,,,,,,,,,,,,,,,,,,,,,,,,,,,,,,,,,,,,,,,,,,,,,,,,,,,,,,,,,,,,,,,,,,,,,,,,,,,,,,,,,,,,,,,,,,,,,,,,,,,,,,,,,,,,,,,,,,,,,,,,,,,,,,,,,,,,,,,,,,,,,,,,,,,,,,,-0.922,0.353,-0.92,0.309,14,"[76.0, 394.0, 750.0, 968.0, 1100.0, 1262.0, 1364.0, 1688.0, 1872.0, 1998.0, 2184.0, 2394.0, 2648.0, 2750.0]",-1309.895,4.084,-0.94,0.531,-1.407,0.135,2,"[1636.0, 2438.0]",-1332.966,2.707,0.102,1.084,0.031,2,"[306.0, 1920.0]",144.25,4.978,-0.489,0.386,,,0,[],-693.524,1.21,-0.011,0.711,,0,[],-16.586,3.235,2.471,2.336,-0.592,0.0,2.0,"[100.0, 370.0]",781.091,7.686,0.463,0.957,-0.572,0.0,3.0,"[42.0, 258.0, 394.0]",146.102,3.494,,,0.0,[],,,-1.343,0.114,0.0,[],,0.463,0.077,0.113,,0.0,[],0.681,-2.051,0.122,,1.0,[56.0],,0.594,0.052,0.241,,,1.0,[46.0],1.653,-1.343,0.221,,,0.0,[],,1.127,0.079,0.286,,,1.0,[96.0],1.713,0.0,[],630.0,-1.905,3,0.144,5,0.096,0,0.0,0,0.0,0,0,,0.0,0_2_80_p0,scherp,geluiden,c1,pijn,0.188,snijden,0.246,0.29,2.624,,,,0.739,,,,,,,,,,,,,,,,,,scherp_geluiden_p0,c1
1828.0,24.702,26.767,6.973,,,,,,,,,2484.0,26.328,28.426,3.193,-1.475,1.177,1.0,[1420.0],-1349.295,3.538,0.422,0.357,0.444,0.029,2.0,"[236.0, 1286.0]",385.527,1.23,1.449,1.614,0.929,1.048,3.0,"[420.0, 1106.0, 1670.0]",1326.199,5.695,1.025,1.533,0.929,1.048,3.0,"[600.0, 816.0, 1300.0, 1516.0, 1818.0]",0.0,[],937.379,5.004,0.773,1.304,1.194,1.656,5.0,"[454.0, 670.0, 1154.0, 1404.0, 1706.0]",707.644,5.491,1.869,1.485,2.047,,1.0,[338.0],1707.201,5.787,2.468,2.19,2.047,,1.0,"[300.0, 984.0, 1750.0]",0.0,[],2256.916,7.795,3.009,2.32,1.813,1.668,2.0,"[372.0, 1138.0]",2749.082,8.284,-0.085,0.509,,0.0,[],-106.701,1.806,-1.143,0.242,,,0.0,[],-1420.601,1.057,-0.251,0.948,-0.213,,1.0,[204.0],-312.767,3.112,1.573,1.195,1.768,1.0,[1648.0],1953.777,3.822,,,,,,,,,,,,,,,,,,,,,,,,,,,,,,,,,,,,,,,,,,,,,,,,,,,,,,,,,,,,,,,,,,,,,,,,,,,,,,,,,,,,,,,,,,,,,,,,,,,,,,,,,,,,,,,,,,,,,,,,,,,,,,,,,,,,,,,-0.186,0.674,0.359,,1.0,[2010.0],-231.801,2.652,-0.117,0.73,-0.273,,1.0,[2340.0],-146.54,3.112,-0.254,1.058,-0.408,0.846,3.0,"[292.0, 974.0, 1674.0]",-315.746,3.937,-0.125,1.086,-0.408,0.846,3.0,"[566.0, 1000.0, 1266.0, 1468.0, 1968.0, 2218.0, 2582.0, 2868.0]",0.0,[],-155.011,4.66,-0.298,0.781,-0.37,1.313,6.0,"[294.0, 726.0, 974.0, 1490.0, 1692.0, 2360.0]",-369.944,3.812,-0.18,1.185,-0.059,,1.0,[192.0],-225.261,4.031,-0.091,1.068,-0.059,,1.0,"[1032.0, 2684.0]",0.0,[],-113.786,3.642,-0.28,2.154,-1.922,0.483,3.0,"[208.0, 1076.0, 2024.0]",-348.624,7.927,2630.0,1.0,10.165,0.443,1.709,0.306,1.552,14,"[124.0, 424.0, 540.0, 768.0, 912.0, 1174.0, 1316.0, 1516.0, 1686.0, 1966.0, 2118.0, 2268.0, 2394.0, 2522.0]",582.671,8.796,-0.144,1.334,0.696,2.288,4,"[88.0, 386.0, 638.0, 820.0]",-190.003,6.25,1.205,1.186,-0.091,2,"[488.0, 2436.0]",1585.944,5.16,0.588,1.543,2.631,,1,[420.0],772.926,4.65,-0.006,0.697,1.134,1,[488.0],-8.72,1.931,1.174,2.096,3.063,5.167,2.0,"[102.0, 894.0]",766.878,7.815,-0.077,0.772,-0.572,0.0,3.0,"[42.0, 152.0, 522.0]",-50.496,3.518,,,0.0,[],,,-3.323,0.157,0.0,[],,0.742,0.049,0.114,,2.0,"[16.0, 382.0]",1.319,-3.504,0.184,,0.0,[],,0.815,0.038,0.173,,,1.0,[424.0],1.742,-1.091,0.435,,,2.0,"[236.0, 414.0]",,2.319,0.07,0.512,-0.393,,4.0,"[64.0, 234.0, 354.0, 524.0]",5.917,0.0,[],1304.0,-1.257,2,0.382,4,0.167,2,0.33,3,0.209,"[4, 3]","[56.166419386201454, 59.0]",0.419,-2954.007,0_2_81_p0,scherp,geluiden,c2,heet,0.319,pijn,0.188,0.29,6.315,-1.46,,,2.347,,,,,,,,,,,,,,,,,,scherp_geluiden_p0,c2
3132.0,27.742,28.344,6.6,,,,,,,,,480.0,19.86,22.439,0.17,0.487,1.69,4.0,"[684.0, 1148.0, 1884.0, 2768.0]",763.606,7.12,2.285,1.452,1.509,1.436,4.0,"[1398.0, 1834.0, 2234.0, 2848.0]",3578.262,4.76,2.809,1.208,2.557,1.748,8.0,"[382.0, 618.0, 948.0, 1216.0, 1598.0, 1998.0, 2548.0, 2966.0]",4400.904,5.168,1.423,1.425,2.557,1.748,8.0,"[1284.0, 1768.0, 2100.0, 2498.0, 2716.0, 3148.0, 3418.0, 3666.0, 3882.0, 4118.0]",0.0,[],2227.656,5.247,1.732,1.628,1.104,1.432,11.0,"[382.0, 950.0, 1218.0, 1416.0, 1616.0, 1818.0, 2032.0, 2300.0, 2550.0, 2782.0, 3000.0]",2713.696,5.934,0.851,1.886,0.562,0.893,2.0,"[1216.0, 2068.0]",1331.924,7.151,2.081,2.219,0.562,0.893,2.0,"[1066.0, 1818.0, 2784.0, 3382.0, 3850.0]",0.0,[],3258.496,8.147,2.448,2.295,1.67,1.077,5.0,"[418.0, 1100.0, 1518.0, 2100.0, 2668.0]",3834.587,9.492,0.091,0.245,,0.0,[],21.773,0.757,-0.807,0.096,,,0.0,[],-193.663,0.298,-0.043,0.655,,,0.0,[],-10.569,2.088,1.627,0.788,,0.0,[],390.244,2.741,,,,,,,,,,,,,,,,,,,,,,,,,,,,,,,,,,,,,,,,,,,,,,,,,,,,,,,,,,,,,,,,,,,,,,,,,,,,,,,,,,,,,,,,,,,,,,,,,,,,,,,,,,,,,,,,,,,,,,,,,,,,,,,,,,,,,,,-0.952,0.61,,,0.0,[],-229.118,1.809,0.507,0.522,,,0.0,[],121.867,1.411,0.406,0.487,,,0.0,[],97.434,1.532,-0.33,0.521,,,0.0,[1118.0],0.0,[],-79.463,1.878,-0.233,0.374,-0.928,0.263,2.0,"[54.0, 404.0]",-55.726,1.487,-0.013,0.984,,,0.0,[],-3.425,2.913,1.403,0.674,,,0.0,[1166.0],0.0,[],338.158,2.454,0.116,2.208,,,0.0,[],25.445,7.459,3186.0,1.0,6.77,0.633,1.28,0.663,1.679,16,"[186.0, 304.0, 594.0, 704.0, 910.0, 1092.0, 1226.0, 1328.0, 1506.0, 1668.0, 1862.0, 2084.0, 2248.0, 2416.0, 2638.0, 2980.0]",1009.127,6.513,-0.402,0.668,0.138,0.464,3,"[904.0, 1852.0, 2304.0]",-639.714,3.114,1.045,0.237,1.2,1,[2422.0],1664.339,1.142,-0.413,0.403,-0.857,,1,[1670.0],-659.061,1.527,-0.446,0.219,,0,[],-710.514,1.017,0.263,1.589,-0.472,0.43,8.0,"[52.0, 748.0, 972.0, 1198.0, 1442.0, 1844.0, 2436.0, 3084.0]",447.57,7.889,0.098,0.896,-0.191,0.537,8.0,"[714.0, 1002.0, 1224.0, 1482.0, 1816.0, 2476.0, 2996.0, 3120.0]",166.767,3.431,,,0.0,[],,,0.129,0.651,3.0,"[176.0, 288.0, 752.0]",,2.608,0.082,0.871,,5.0,"[174.0, 286.0, 410.0, 716.0, 826.0]",5.957,-0.465,0.445,,4.0,"[176.0, 286.0, 726.0, 832.0]",,2.342,0.043,0.588,,,5.0,"[86.0, 278.0, 380.0, 716.0, 822.0]",5.218,-0.597,0.173,,,1.0,[208.0],,0.953,0.077,0.273,,,2.0,"[206.0, 786.0]",2.725,0.0,[],3402.0,1.363,3,0.251,5,0.158,3,0.157,5,0.105,"[6, 6]","[213.68163234120055, 76.67698481291501]",0.426,-2255.585,0_2_82_p0,staart,geluiden,c0,slurpen,0.135,,,0.269,7.853,0.806,,,,,,,1.346,,,,,,,,,,,,,,staart_geluiden_p0,c0
3498.0,28.339,29.891,7.476,,,,,,,,,2168.0,25.824,28.157,2.81,0.189,2.285,3.0,"[758.0, 1674.0, 2622.0]",327.737,8.182,3.718,1.76,2.703,1.647,7.0,"[388.0, 838.0, 1258.0, 1672.0, 2240.0, 2624.0, 3074.0]",6504.327,5.859,3.951,2.568,2.766,3.265,7.0,"[608.0, 988.0, 1424.0, 1872.0, 2306.0, 2872.0, 3408.0]",6912.283,9.623,2.628,2.295,2.766,3.265,7.0,"[1784.0, 1998.0, 2384.0, 2600.0, 2818.0, 3048.0, 3268.0, 3498.0, 3716.0, 3998.0, 4266.0, 4516.0, 4800.0]",0.0,[],4597.892,8.168,3.191,2.719,1.856,2.296,14.0,"[406.0, 606.0, 788.0, 990.0, 1208.0, 1438.0, 1658.0, 1888.0, 2106.0, 2340.0, 2638.0, 2888.0, 3138.0, 3438.0]",5583.113,9.748,1.891,2.583,-0.878,0.457,2.0,"[1340.0, 2056.0]",3308.169,8.353,4.115,4.795,-0.878,0.457,2.0,"[1800.0, 2568.0, 3200.0, 4032.0, 4700.0]",0.0,[],7202.247,18.458,5.17,5.327,5.523,7.675,4.0,"[790.0, 1390.0, 2040.0, 2890.0]",9044.898,17.606,-0.373,0.078,,0.0,[],-403.886,0.395,-1.233,0.113,,,0.0,[],-1336.479,0.36,-0.734,0.304,,,0.0,[],-796.512,1.118,0.768,2.039,-0.6,1.0,[2072.0],829.344,6.215,,,,,,,,,,,,,,,,,,,,,,,,,,,,,,,,,,,,,,,,,,,,,,,,,,,,,,,,,,,,,,,,,,,,,,,,,,,,,,,,,,,,,,,,,,,,,,,,,,,,,,,,,,,,,,,,,,,,,,,,,,,,,,,,,,,,,,,0.109,0.675,-0.451,0.422,2.0,"[846.0, 2028.0]",118.184,2.489,-0.293,0.532,-0.726,,1.0,[1478.0],-317.693,1.736,0.012,0.861,-0.398,0.132,3.0,"[598.0, 978.0, 1748.0]",11.887,3.613,0.094,1.017,-0.398,0.132,3.0,"[884.0, 1150.0, 1482.0, 1866.0, 2082.0, 2398.0, 2648.0, 2900.0]",0.0,[],101.753,4.226,-0.203,0.859,-0.329,0.761,8.0,"[248.0, 614.0, 828.0, 1014.0, 1198.0, 1514.0, 1762.0, 2012.0]",-220.526,4.309,-0.78,0.399,-0.972,,1.0,[1664.0],-845.998,1.489,-0.169,0.78,-0.972,,1.0,"[950.0, 2150.0, 2682.0]",0.0,[],-182.977,2.479,-0.903,1.133,-0.489,2.14,3.0,"[498.0, 1080.0, 1662.0]",-979.53,4.451,4238.0,1.0,10.286,0.501,1.315,0.544,1.377,22,"[162.0, 526.0, 892.0, 1014.0, 1398.0, 1512.0, 1716.0, 1834.0, 1996.0, 2242.0, 2468.0, 2630.0, 2770.0, 2902.0, 3084.0, 3218.0, 3362.0, 3560.0, 3712.0, 3842.0, 3964.0, 4140.0]",1062.147,7.367,-0.969,1.024,0.045,1.666,4,"[328.0, 1796.0, 2880.0, 3662.0]",-2052.666,4.631,1.379,0.305,1.225,2,"[1096.0, 3362.0]",2922.419,1.369,-0.2,0.443,-0.429,,1,[2778.0],-424.331,1.454,-0.45,0.112,,0,[],-953.853,0.508,0.994,1.856,-0.492,0.0,8.0,"[70.0, 556.0, 898.0, 1070.0, 1252.0, 1472.0, 1628.0, 2004.0]",1208.357,7.887,0.481,1.182,-0.572,0.0,8.0,"[126.0, 474.0, 626.0, 936.0, 1218.0, 1664.0, 1960.0, 2252.0]",584.376,4.598,,,0.0,[],,,-2.015,1.226,2.0,"[968.0, 2198.0]",,4.908,0.106,1.701,0.155,3.0,"[966.0, 1710.0, 2186.0]",18.107,-1.815,1.46,-0.196,5.0,"[596.0, 828.0, 954.0, 1714.0, 2206.0]",,5.19,0.157,1.57,0.369,,3.0,"[950.0, 1710.0, 2198.0]",10.605,-0.653,0.49,-0.562,0.041,4.0,"[972.0, 1584.0, 1712.0, 2188.0]",,1.835,0.086,0.622,0.145,,4.0,"[838.0, 950.0, 1710.0, 2186.0]",4.488,0.0,[],2430.0,2.75,3,0.219,6,0.118,3,0.234,5,0.145,"[8, 7]","[92.7141756547883, 53.3041586870418]",0.193,-5059.188,0_2_83_p0,staart,geluiden,c1,gooien,-0.051,slurpen,0.135,0.269,5.761,-0.844,,,0.294,,,,1.534,,,,,0.463,,,,,,,,,staart_geluiden_p0,c1
3088.0,27.791,29.212,6.728,,,,,,,,,2298.0,26.361,28.785,3.9,0.529,1.164,4.0,"[218.0, 788.0, 1502.0, 2436.0]",816.682,3.613,0.819,0.713,1.002,0.896,3.0,"[804.0, 1920.0, 2388.0]",1265.083,2.62,2.384,2.254,1.024,2.077,5.0,"[870.0, 1270.0, 1652.0, 2188.0, 2638.0]",3681.135,7.456,1.633,2.014,1.024,2.077,5.0,"[1268.0, 1516.0, 1816.0, 2016.0, 2234.0, 2634.0, 2868.0, 3134.0, 3398.0, 3618.0, 3850.0, 4100.0]",0.0,[],2523.292,6.581,2.008,2.328,0.245,0.766,12.0,"[320.0, 568.0, 838.0, 1054.0, 1270.0, 1470.0, 1686.0, 1920.0, 2188.0, 2436.0, 2668.0, 2902.0]",3101.813,7.573,1.106,1.934,1.65,2.975,4.0,"[1120.0, 1720.0, 2188.0, 2686.0]",1709.379,6.836,3.292,2.848,1.65,2.975,4.0,"[1882.0, 2518.0, 3050.0, 3532.0, 4066.0]",0.0,[],5081.548,12.731,4.203,3.544,6.056,4.589,6.0,"[102.0, 552.0, 1138.0, 1720.0, 2220.0, 2720.0]",6492.391,12.865,-0.47,0.07,,0.0,[],-539.658,0.357,-1.171,0.087,,,0.0,[],-1345.204,0.311,-0.91,0.841,-1.661,,1.0,[1886.0],-1045.733,2.348,1.599,1.675,-0.611,1.0,[1252.0],1837.313,5.598,,,,,,,,,,,,,,,,,,,,,,,,,,,,,,,,,,,,,,,,,,,,,,,,,,,,,,,,,,,,,,,,,,,,,,,,,,,,,,,,,,,,,,,,,,,,,,,,,,,,,,,,,,,,,,,,,,,,,,,,,,,,,,,,,,,,,,,0.045,0.343,0.014,0.477,3.0,"[878.0, 1380.0, 1828.0]",50.958,1.362,-0.442,0.408,,,0.0,[],-508.296,1.354,-0.052,1.366,-0.845,0.521,3.0,"[780.0, 1296.0, 1914.0]",-60.519,5.645,0.416,1.849,-0.845,0.521,3.0,"[1050.0, 1366.0, 1568.0, 1818.0, 2082.0, 2384.0, 2698.0, 2950.0]",0.0,[],478.997,7.809,0.262,1.591,-0.498,0.747,7.0,"[280.0, 578.0, 796.0, 1046.0, 1344.0, 1678.0, 1928.0]",300.167,7.04,-0.93,1.048,-1.736,,1.0,[1880.0],-1068.971,3.229,-0.142,1.516,-1.736,,1.0,"[1032.0, 1816.0, 2468.0, 3068.0]",0.0,[],-163.649,5.01,-0.21,2.512,-1.281,1.085,3.0,"[514.0, 1264.0, 1878.0]",-241.702,8.769,3264.0,1.0,10.629,0.143,1.031,0.12,1.088,18,"[98.0, 268.0, 434.0, 558.0, 660.0, 994.0, 1276.0, 1428.0, 1528.0, 1762.0, 1962.0, 2098.0, 2432.0, 2666.0, 2846.0, 2994.0, 3108.0, 3232.0]",233.868,4.247,-0.59,0.585,-0.908,0.489,3,"[830.0, 1562.0, 2694.0]",-962.507,2.099,0.954,0.288,1.183,1,[2030.0],1557.12,1.074,-0.587,0.106,,,0,[],-957.613,0.543,-0.506,0.078,,0,[],-825.577,0.318,1.233,2.069,-0.435,0.0,6.0,"[70.0, 282.0, 480.0, 914.0, 1286.0, 1710.0]",1144.241,7.884,0.564,1.231,-0.572,0.0,9.0,"[18.0, 144.0, 458.0, 834.0, 1006.0, 1246.0, 1384.0, 1628.0, 1774.0]",522.06,5.168,,,0.0,[],,,,,0.0,[],,,,,,0.0,[],,,,,0.0,[],,,,,,,0.0,[],,,,,,0.0,[],,,,,,,0.0,[],,8.0,"[254.0, 386.0, 496.0, 640.0, 1084.0, 1280.0, 1476.0, 1660.0]",1854.0,0.0,3,0.208,5,0.14,3,0.188,4,0.153,"[7, 6]","[86.02648171089851, 58.172158288995945]",0.352,-3720.42,0_2_84_p0,staart,geluiden,c2,vallen,0.007,gooien,-0.051,0.269,14.37,0.357,,,,,,,1.262,,,,,,,,-0.561,1.464,-0.27,0.232,-518.31,5.346,staart_geluiden_p0,c2
,,,,,,,,,,,,,,,,,,,,,,,,,,,,,,,,,,,,,,,,,,,,,,,,,,,,,,,,,,,,,,,,,,,,,,,,,,,,,,,,,,,,,,,,,,,,,,,,,,,,,,,,,,,,,,,,,,,,,,,,,,,,,,,,,,,,,,,,,,,,,,,,,,,,,,,,,,,,,,,,,,,,,,,,,,,,,,,,,,,,,,,,,,,,,,,,,,,,,,,,,,,,,,,,,,,,,,,,,,,,,,,,,,,,,,,,,,,,,,,,,,,,,,,,,,,,,,,,,,,,,,,,,,,,,,,,,,,,,,,,,,,,,,,,,,,,,,,,,,,,,,,,,,,,,,,,,,,,,-0.253,1.506,-0.315,1.24,16,"[32.0, 410.0, 744.0, 998.0, 1162.0, 1362.0, 1634.0, 1748.0, 1852.0, 2012.0, 2282.0, 2422.0, 2628.0, 2784.0, 3044.0, 3170.0]",-413.543,6.847,0.564,2.512,-0.058,0.173,2,"[2428.0, 2730.0]",904.644,18.217,0.312,1.748,-0.251,1,[2680.0],498.945,13.454,0.77,3.203,,,0,[],1241.814,11.269,0.432,2.059,,0,[],696.32,8.394,,,,,,,,,,,,,,,,,,,,,,,,,,,,,,,,,,,,,,,,,,,,,,,,,,,,,,,,,,,,,,,,,,,,3,0.149,5,0.095,0,0.0,0,0.0,0,0,,0.0,0_2_85_p0,vallen,geluiden,c0,vallen,1.0,,,0.407,16.456,,,,,,,,,,,,,,,,,,,,,,vallen_geluiden_p0,c0_only
,,,,,,,,,,,,,,,,,,,,,,,,,,,,,,,,,,,,,,,,,,,,,,,,,,,,,,,,,,,,,,,,,,,,,,,,,,,,,,,,,,,,,,,,,,,,,,,,,,,,,,,,,,,,,,,,,,,,,,,,,,,,,,,,,,,,,,,,,,,,,,,,,,,,,,,,,,,,,,,,,,,,,,,,,,,,,,,,,,,,,,,,,,,,,,,,,,,,,,,,,,,,,,,,,,,,,,,,,,,,,,,,,,,,,,,,,,,,,,,,,,,,,,,,,,,,,,,,,,,,,,,,,,,,,,,,,,,,,,,,,,,,,,,,,,,,,,,,,,,,,,,,,,,,,,,,,,,,,-0.763,0.469,-1.013,0.473,15,"[116.0, 394.0, 522.0, 784.0, 978.0, 1092.0, 1246.0, 1454.0, 1604.0, 1852.0, 2036.0, 2198.0, 2478.0, 2590.0, 2718.0]",-1068.909,2.404,-0.176,1.098,-0.415,0.513,4,"[628.0, 1194.0, 1564.0, 1862.0]",-248.31,5.951,0.188,0.462,0.597,2,"[444.0, 1980.0]",262.999,1.803,-0.05,0.725,,,0,[],-71.867,3.305,-0.303,0.157,,0,[],-424.34,0.693,2.322,2.804,0.395,1.654,6.0,"[118.0, 374.0, 612.0, 894.0, 1248.0, 1436.0]",2303.726,7.888,0.751,1.304,-0.238,0.942,8.0,"[22.0, 196.0, 338.0, 572.0, 828.0, 964.0, 1144.0, 1518.0]",744.595,4.725,,,0.0,[],,,-2.706,0.307,1.0,[1886.0],,3.585,0.066,0.782,0.053,2.0,"[1578.0, 1884.0]",20.246,-1.349,0.525,-1.27,4.0,"[144.0, 836.0, 1584.0, 1886.0]",,2.174,0.039,0.577,0.45,1.022,10.0,"[48.0, 206.0, 318.0, 686.0, 834.0, 994.0, 1198.0, 1464.0, 1574.0, 1884.0]",6.72,-1.348,0.246,-1.367,0.174,7.0,"[110.0, 400.0, 894.0, 996.0, 1434.0, 1580.0, 1884.0]",,1.602,0.063,0.328,0.265,0.995,9.0,"[84.0, 314.0, 568.0, 838.0, 994.0, 1258.0, 1466.0, 1578.0, 1884.0]",4.504,5.0,"[304.0, 538.0, 774.0, 1098.0, 1700.0]",1982.0,1.496,3,0.164,4,0.127,0,0.0,0,0.0,0,0,,0.0,0_2_86_p0,piepen,geluiden,c0,fluit,0.277,,,0.745,2.134,,,,0.088,,,,,,-2.748,,,1.347,,0.005,-3.272,0.375,-0.528,2.491,-3242.007,2.236,piepen_geluiden_p0,c0
,,,,,,,,,,,,,,,,,,,,,,,,,,,,,,,,,,,,,,,,,,,,,,,,,,,,,,,,,,,,,,,,,,,,,,,,,,,,,,,,,,,,,,,,,,,,,,,,,,,,,,,,,,,,,,,,,,,,,,,,,,,,,,,,,,,,,,,,,,,,,,,,,,,,,,,,,,,,,,,,,,,,,,,,,,,,,,,,,,,,,,,,,,,,,,,,,,,,,,,,,,,,,,,,,,,,,,,,,,,,,,,,,,,,,,,,,,,,,,,,,,,,,,,,,,,,,,,,,,,,,,,,,,,,,,,,,,,,,,,,,,,,,,,,,,,,,,,,,,,,,,,,,,,,,,,,,,,,,-0.676,0.508,-0.758,0.485,15,"[88.0, 368.0, 492.0, 746.0, 922.0, 1196.0, 1338.0, 1492.0, 1596.0, 1804.0, 1908.0, 2022.0, 2194.0, 2414.0, 2696.0]",-940.038,2.902,-0.639,0.626,-0.434,0.976,3,"[296.0, 1614.0, 2346.0]",-889.725,3.696,0.252,1.528,1.217,1,[1814.0],349.573,4.432,-0.401,0.583,-0.987,,1,[1828.0],-556.957,1.753,0.003,0.758,,0,[],3.493,2.818,3.156,2.213,2.712,3.7,4.0,"[542.0, 1008.0, 1404.0, 1858.0]",3206.97,7.889,-0.137,0.681,-0.466,0.211,4.0,"[468.0, 594.0, 730.0, 1936.0]",-139.336,4.152,,,0.0,[],,,-1.822,1.516,4.0,"[12.0, 126.0, 246.0, 446.0]",-1849.772,4.616,0.048,0.565,,3.0,"[50.0, 222.0, 360.0]",13.885,-0.503,1.025,-0.067,8.0,"[70.0, 362.0, 558.0, 732.0, 890.0, 998.0, 1170.0, 1838.0]",-510.54,4.183,0.049,0.984,0.045,0.318,10.0,"[50.0, 160.0, 260.0, 360.0, 556.0, 730.0, 830.0, 1016.0, 1800.0, 2000.0]",13.463,-0.78,0.378,-0.713,0.479,8.0,"[16.0, 140.0, 312.0, 416.0, 558.0, 780.0, 1018.0, 1802.0]",-791.682,1.784,0.063,0.271,0.126,0.208,9.0,"[10.0, 160.0, 260.0, 414.0, 544.0, 730.0, 870.0, 1016.0, 1800.0]",3.874,0.0,[],2030.0,2.337,2,0.114,4,0.068,0,0.0,0,0.0,0,0,,0.0,0_2_87_p0,piepen,geluiden,c1,hartslag,0.221,fluit,0.277,0.745,2.456,,,,,48.164,49.343,63.994,,,,,,0.372,,,,,,,,,piepen_geluiden_p0,c1
,,,,,,,,,,,,,,,,,,,,,,,,,,,,,,,,,,,,,,,,,,,,,,,,,,,,,,,,,,,,,,,,,,,,,,,,,,,,,,,,,,,,,,,,,,,,,,,,,,,,,,,,,,,,,,,,,,,,,,,,,,,,,,,,,,,,,,,,,,,,,,,,,,,,,,,,,,,,,,,,,,,,,,,,,,,,,,,,,,,,,,,,,,,,,,,,,,,,,,,,,,,,,,,,,,,,,,,,,,,,,,,,,,,,,,,,,,,,,,,,,,,,,,,,,,,,,,,,,,,,,,,,,,,,,,,,,,,,,,,,,,,,,,,,,,,,,,,,,,,,,,,,,,,,,,,,,,,,,-0.48,0.62,-0.603,0.319,10,"[156.0, 320.0, 432.0, 620.0, 758.0, 1100.0, 1318.0, 1472.0, 1624.0, 1790.0]",-485.446,3.114,-0.063,0.913,-0.444,0.372,3,"[312.0, 794.0, 1180.0]",-64.815,4.083,-0.132,1.147,,0,[],-134.03,4.006,-0.215,0.21,,,0,[],-217.008,0.654,-0.026,0.484,-0.461,1,[1330.0],-26.029,1.774,1.426,2.446,0.556,2.558,5.0,"[228.0, 458.0, 654.0, 862.0, 1228.0]",1074.064,7.888,0.457,0.92,-0.192,0.479,7.0,"[36.0, 282.0, 432.0, 626.0, 836.0, 1078.0, 1290.0]",344.064,3.854,,,0.0,[],,,-2.611,0.167,1.0,[602.0],,1.694,0.067,0.218,0.329,3.0,"[16.0, 600.0, 878.0]",3.081,-0.993,0.56,-0.793,5.0,"[316.0, 428.0, 664.0, 858.0, 1238.0]",,3.871,0.048,0.892,0.243,0.205,6.0,"[70.0, 306.0, 494.0, 596.0, 886.0, 1330.0]",13.123,-1.12,0.172,,,1.0,[164.0],,1.051,0.05,0.19,0.039,0.093,5.0,"[86.0, 310.0, 674.0, 886.0, 1250.0]",1.93,0.0,[],1504.0,1.102,2,0.241,3,0.152,0,0.0,0,0.0,0,0,,0.0,0_2_88_p0,piepen,geluiden,c2,muis,0.158,hartslag,0.221,0.745,4.36,,,,,,,,,,0.409,,,0.6,,0.356,,,,,,,piepen_geluiden_p0,c2
1866.0,25.018,28.561,10.003,4798.0,28.05,31.492,10.964,4798.0,27.528,29.561,10.964,3642.0,27.395,31.072,8.197,-2.575,2.373,1.0,[472.0],-2404.453,7.322,1.782,1.251,-0.083,0.128,2.0,"[440.0, 1074.0]",1664.121,4.204,5.067,3.47,0.657,1.884,2.0,"[272.0, 772.0]",4731.695,11.416,3.323,2.739,0.657,1.884,2.0,"[3184.0, 3468.0, 3734.0, 4050.0, 4484.0, 4716.0, 4948.0]",0.0,[],3100.444,8.483,2.826,2.464,-0.454,0.6,6.0,"[254.0, 522.0, 790.0, 1104.0, 1522.0, 1754.0]",2637.884,8.96,1.81,1.013,0.663,1.394,2.0,"[222.0, 940.0]",1688.986,3.625,4.209,1.938,0.663,1.394,2.0,"[3668.0, 4800.0]",0.0,[],3928.736,6.347,4.988,1.827,1.335,3.202,2.0,"[240.0, 872.0]",4656.034,6.593,-0.219,0.323,-0.441,1.0,[2686.0],-398.666,0.998,-0.191,1.463,-1.089,,1.0,[2862.0],-348.443,4.789,-0.126,0.935,-0.165,,1.0,[2924.0],-229.64,3.366,0.143,1.262,0.353,2.0,"[2394.0, 3282.0]",260.292,3.31,-1.361,0.434,-1.476,4.0,"[2952.0, 3352.0, 3686.0, 4434.0]",-3265.429,1.758,-0.396,0.234,-0.112,,1.0,[3034.0],-951.111,0.672,0.616,1.911,1.913,2.052,3.0,"[388.0, 3520.0, 4020.0]",1477.635,6.491,0.255,1.453,1.913,2.052,3.0,"[216.0, 448.0, 732.0, 984.0, 1518.0, 1800.0, 2268.0, 2482.0, 2816.0, 3416.0, 3634.0, 3884.0, 4132.0, 4482.0, 4784.0, 4998.0]",0.0,[],611.78,5.68,0.129,1.076,0.838,1.231,13.0,"[118.0, 370.0, 652.0, 902.0, 2152.0, 2386.0, 3052.0, 3352.0, 3554.0, 3802.0, 4070.0, 4384.0, 4686.0]",308.82,4.26,-0.114,0.522,0.456,0.477,2.0,"[3404.0, 4218.0]",-274.198,1.991,-0.115,0.766,0.456,0.477,2.0,"[368.0, 1068.0, 1350.0, 2284.0, 2584.0, 3300.0, 4016.0, 4800.0]",0.0,[],-275.565,2.658,0.18,1.624,0.82,1.418,4.0,"[536.0, 2768.0, 3452.0, 4186.0]",432.252,5.644,-1.146,0.39,-1.707,0.165,3.0,"[2952.0, 3336.0, 3686.0]",-2749.002,2.296,-0.199,0.649,1.011,1.0,[3252.0],-476.862,1.835,2.085,3.821,1.89,3.717,5.0,"[354.0, 1354.0, 2454.0, 3602.0, 4652.0]",5000.227,16.475,1.287,2.419,1.89,3.717,5.0,"[216.0, 416.0, 702.0, 1116.0, 1366.0, 1718.0, 2000.0, 2234.0, 2534.0, 2798.0, 3048.0, 3366.0, 3616.0, 3898.0, 4134.0, 4448.0, 4732.0]",0.0,[],3083.733,11.862,1.13,2.138,1.135,1.689,17.0,"[86.0, 352.0, 818.0, 1036.0, 1404.0, 1654.0, 1920.0, 2202.0, 2470.0, 2718.0, 2970.0, 3284.0, 3552.0, 3804.0, 4184.0, 4404.0, 4670.0]",2708.733,10.805,0.222,1.963,3.046,1.16,2.0,"[3636.0, 4586.0]",531.377,6.204,-0.362,1.947,3.046,1.16,2.0,"[468.0, 1100.0, 1450.0, 3518.0, 4218.0]",0.0,[],-868.779,6.993,-0.199,2.157,0.615,1.733,2.0,"[3004.0, 3670.0]",-477.867,6.394,-0.306,1.044,0.079,0.521,4.0,"[346.0, 1262.0, 2030.0, 2962.0]",-558.2,5.578,0.685,1.62,-0.011,0.883,3.0,"[1064.0, 2614.0, 3144.0]",1248.259,5.067,3.337,4.999,1.507,2.676,5.0,"[180.0, 764.0, 1194.0, 2896.0, 3430.0]",6076.064,15.375,2.033,3.756,1.507,2.676,5.0,"[1000.0, 1282.0, 1666.0, 2066.0, 2268.0, 2668.0, 2882.0, 3182.0, 3450.0, 3734.0, 3966.0, 4198.0]",0.0,[],3696.335,14.347,1.603,3.463,-0.16,0.98,14.0,"[196.0, 446.0, 780.0, 1012.0, 1228.0, 1430.0, 1614.0, 1828.0, 2112.0, 2346.0, 2662.0, 2912.0, 3130.0, 3396.0]",2918.126,15.242,-0.087,1.211,-0.777,0.747,2.0,"[2262.0, 2930.0]",-159.787,4.464,1.007,2.46,-0.777,0.747,2.0,"[1450.0, 2900.0, 3568.0, 4234.0]",0.0,[],1835.497,8.603,2.153,4.511,-0.196,1.105,5.0,"[146.0, 812.0, 1346.0, 2312.0, 2962.0]",3919.113,16.979,4798.0,1.0,40.128,4.19,8.936,2.938,6.689,23,"[52.0, 200.0, 340.0, 552.0, 744.0, 904.0, 1034.0, 1286.0, 1428.0, 1644.0, 1836.0, 2176.0, 2532.0, 2790.0, 3124.0, 3248.0, 3400.0, 3562.0, 3906.0, 4060.0, 4282.0, 4532.0, 4662.0]",10045.305,58.767,0.339,2.163,0.269,2.664,6,"[270.0, 1036.0, 2784.0, 3084.0, 3568.0, 3902.0]",812.229,8.585,-1.068,0.403,-1.055,2,"[3668.0, 4236.0]",-2562.061,1.756,0.117,1.221,0.529,1.431,2,"[486.0, 3254.0]",281.616,4.431,-0.498,0.145,,0,[],-1195.566,0.499,1.619,2.531,-0.485,0.0,2.0,"[150.0, 690.0]",981.552,7.889,0.313,1.085,-0.572,0.0,4.0,"[106.0, 342.0, 484.0, 668.0]",189.989,4.312,,,0.0,[],,,-1.484,0.764,2.0,"[528.0, 1114.0]",,2.748,0.103,0.392,,4.0,"[82.0, 514.0, 672.0, 1096.0]",3.566,-1.936,0.543,,0.0,[],,2.271,0.056,0.216,,,3.0,"[64.0, 682.0, 1044.0]",1.888,-1.193,0.122,,,1.0,[708.0],,1.306,0.07,0.182,,,1.0,[702.0],2.377,5.0,"[374.0, 570.0, 738.0, 928.0, 1122.0]",1210.0,1.587,3,0.212,5,0.141,3,0.206,4,0.157,"[4, 3]","[153.6258080170415, 133.0]",0.536,-2186.079,0_2_89_p0,jagen,geluiden,c0,slaan,0.345,,,0.304,5.696,0.177,1.949,,0.525,,,,,0.718,,,,,,,-2.615,0.555,0.757,0.044,-1582.595,2.441,jagen_geluiden_p0,c0
1906.0,24.668,27.397,8.964,1544.0,25.571,28.494,9.252,1544.0,24.601,26.044,9.252,650.0,21.459,26.264,3.342,-3.525,1.453,1.0,[1600.0],-3361.196,4.874,0.978,0.45,-0.637,,1.0,[432.0],931.782,1.973,3.722,2.831,0.053,1.408,2.0,"[334.0, 1416.0]",3549.562,10.771,2.383,2.399,0.053,1.408,2.0,"[716.0, 1118.0, 1482.0, 1816.0, 2132.0]",0.0,[],2271.744,8.839,1.653,2.045,0.476,2.254,5.0,"[300.0, 716.0, 1118.0, 1416.0, 1682.0]",1576.324,8.383,3.244,1.442,0.519,1.063,2.0,"[400.0, 1350.0]",3090.932,5.245,4.504,2.818,0.519,1.063,2.0,"[1534.0, 2100.0]",0.0,[],4294.598,9.357,5.058,1.92,3.366,3.254,2.0,"[584.0, 1284.0]",4821.688,7.629,-0.118,0.045,,0.0,[],-38.337,0.126,0.106,0.568,,,0.0,[],34.645,1.648,0.429,0.462,-0.795,,1.0,[394.0],139.834,1.53,1.972,1.054,,0.0,[],640.68,3.052,-0.152,0.552,-0.248,1.0,[324.0],-117.37,1.731,-0.288,0.068,,,0.0,[],-222.553,0.269,1.934,1.963,-0.186,1.304,3.0,"[176.0, 592.0, 1072.0]",1492.113,6.686,2.403,3.052,-0.186,1.304,3.0,"[1184.0, 1550.0, 1800.0, 2084.0, 2318.0]",0.0,[],1856.996,9.972,2.448,2.847,-0.307,0.565,6.0,"[176.0, 408.0, 608.0, 822.0, 1074.0, 1340.0]",1889.912,9.571,-0.052,0.211,0.24,,1.0,[792.0],-39.954,0.798,0.138,0.342,0.24,,1.0,"[1268.0, 2134.0]",0.0,[],107.355,1.43,0.95,0.64,0.954,,1.0,[774.0],733.151,2.403,-0.215,0.189,-0.175,0.106,3.0,"[372.0, 806.0, 1172.0]",-165.639,0.752,-0.335,0.119,,0.0,[],-258.75,0.416,0.617,1.045,0.84,0.754,2.0,"[156.0, 1156.0]",476.463,3.448,0.406,0.981,0.84,0.754,2.0,"[882.0, 1266.0, 1766.0, 1966.0, 2168.0, 2384.0]",0.0,[],312.632,3.696,0.284,0.99,-0.177,0.544,5.0,"[274.0, 792.0, 1006.0, 1190.0, 1408.0]",219.75,3.946,-0.119,0.844,-1.073,,1.0,[1024.0],-91.238,2.525,-0.271,1.047,-1.073,,1.0,"[1600.0, 2218.0]",0.0,[],-208.753,3.322,-0.315,0.964,-1.578,0.414,2.0,"[406.0, 1056.0]",-243.225,2.972,0.253,0.487,0.558,,1.0,[414.0],82.473,1.606,0.539,0.247,,,0.0,[],175.279,0.792,4.874,3.548,,,0.0,[],1582.451,11.525,4.834,3.858,,,0.0,"[1548.0, 1850.0]",0.0,[],1574.979,13.41,3.987,3.342,0.365,0.897,2.0,"[84.0, 416.0]",1292.764,13.316,0.684,0.766,-0.991,,1.0,[434.0],223.388,2.645,1.501,1.724,-0.991,,1.0,[],0.0,[],485.45,5.803,6.43,3.695,-0.597,,1.0,[484.0],2092.948,11.516,2186.0,1.0,30.809,6.304,8.528,3.511,5.985,12,"[150.0, 274.0, 546.0, 646.0, 1060.0, 1196.0, 1372.0, 1504.0, 1652.0, 1756.0, 1864.0, 2108.0]",6891.895,43.299,1.943,2.131,1.598,0.392,2,"[850.0, 1634.0]",2125.721,7.982,0.129,0.686,-0.133,1,[600.0],141.279,2.343,0.677,0.737,-0.028,0.423,2,"[982.0, 1982.0]",739.973,2.356,-0.222,0.112,,0,[],-242.633,0.341,1.867,2.443,1.085,2.268,2.0,"[864.0, 1102.0]",1770.651,7.889,-0.152,0.561,-0.322,0.302,4.0,"[38.0, 776.0, 952.0, 1140.0]",-143.917,2.858,,,0.0,[],,,-2.236,0.785,2.0,"[644.0, 1654.0]",,6.285,0.114,0.798,0.059,4.0,"[316.0, 1086.0, 1544.0, 1650.0]",14.435,-1.504,0.849,-1.285,2.0,"[238.0, 1654.0]",,6.584,0.081,0.87,0.1,0.088,5.0,"[146.0, 316.0, 426.0, 1072.0, 1566.0]",13.084,-1.337,0.482,-0.495,,4.0,"[88.0, 298.0, 412.0, 644.0]",,2.652,0.084,0.364,0.213,0.168,8.0,"[156.0, 296.0, 406.0, 506.0, 642.0, 742.0, 1036.0, 1566.0]",3.448,0.0,[],1894.0,2.762,3,0.235,4,0.172,3,0.226,4,0.168,"[3, 2]","[31.0, 0.0]",0.44,-3704.879,0_2_90_p0,jagen,geluiden,c1,vangen,0.413,slaan,0.345,0.304,4.491,-5.219,,,,,,,,,-1.276,,,,1.247,0.033,,,,,,,jagen_geluiden_p0,c1
1656.0,24.618,27.481,8.746,1196.0,24.525,24.191,9.145,1196.0,23.606,24.928,9.145,,,,,-3.062,0.751,1.0,[1418.0],-2536.213,2.973,0.179,0.516,1.754,,1.0,[184.0],147.341,1.825,3.957,2.843,1.91,2.073,2.0,"[384.0, 1268.0]",3279.117,10.017,3.239,2.546,1.91,2.073,2.0,"[884.0, 1350.0, 1816.0, 2118.0]",0.0,[],2683.116,9.536,2.676,2.207,0.881,1.041,5.0,"[84.0, 318.0, 968.0, 1284.0, 1534.0]",2217.288,9.961,3.029,1.386,3.751,,1.0,[1150.0],2507.878,4.838,5.785,2.189,3.751,,1.0,"[916.0, 1516.0, 2134.0]",0.0,[],4792.643,7.542,6.755,2.137,8.081,1.39,2.0,"[500.0, 1134.0]",5593.249,7.658,0.392,0.174,,0.0,[],234.446,0.527,-0.081,0.493,-0.463,,1.0,[764.0],-47.963,1.435,0.188,0.443,0.444,,1.0,[504.0],113.141,1.619,1.847,0.586,4.363,1.0,[686.0],1104.726,1.972,-0.889,0.267,,0.0,[],-531.826,1.032,-0.388,0.088,,,0.0,[],-232.325,0.326,1.471,1.762,2.848,,1.0,[698.0],879.574,5.616,2.117,2.408,2.848,,1.0,"[1432.0, 1766.0, 2082.0, 2300.0]",0.0,[],1268.256,7.762,2.024,2.004,0.607,0.725,4.0,"[98.0, 414.0, 714.0, 978.0]",1210.995,6.834,0.798,0.37,-0.174,,1.0,[512.0],477.452,1.161,-0.153,0.271,-0.174,,1.0,"[1484.0, 2100.0]",0.0,[],-91.281,0.821,-0.085,0.613,0.377,,1.0,[596.0],-50.561,1.841,-0.176,0.104,,,0.0,[],-105.365,0.356,-0.527,0.054,,0.0,[],-315.113,0.175,1.305,1.253,1.905,,1.0,[612.0],781.281,3.973,1.081,1.032,1.905,,1.0,"[1384.0, 1666.0, 1982.0, 2198.0]",0.0,[],647.53,3.554,0.998,0.85,1.787,1.667,5.0,"[80.0, 298.0, 614.0, 878.0, 1080.0]",597.561,3.092,0.009,0.699,-0.103,,1.0,[798.0],6.029,2.119,-0.177,0.444,-0.103,,1.0,"[1382.0, 1700.0]",0.0,[],-106.539,1.83,-0.378,0.731,-0.111,,1.0,[862.0],-225.374,2.2,,,,,,,,,,,,,,,,,,,,,,,,,,,,,,,,,,,,,,,,,,,,,,,,,,,,,,,,,,,,,,,,,,,,,1780.0,1.0,27.036,7.827,8.812,2.094,4.515,10,"[114.0, 220.0, 398.0, 498.0, 696.0, 1016.0, 1250.0, 1420.0, 1566.0, 1740.0]",6968.754,40.365,2.595,1.506,1.858,1.858,2,"[584.0, 1266.0]",2312.502,6.399,-0.822,1.007,,0,[],-732.403,3.384,0.256,0.563,,,0,[],227.64,1.831,-0.055,0.162,-0.39,1,[568.0],-49.004,0.609,3.366,2.489,-0.648,0.0,2.0,"[340.0, 752.0]",1414.103,7.818,0.559,0.665,-0.572,0.0,5.0,"[84.0, 264.0, 508.0, 608.0, 788.0]",234.713,2.551,,,0.0,[],,,0.38,1.077,2.0,"[294.0, 572.0]",,3.004,-0.022,1.067,0.605,4.0,"[182.0, 286.0, 568.0, 722.0]",9.753,0.253,1.1,,2.0,"[448.0, 572.0]",,3.516,-0.027,1.152,0.563,,5.0,"[146.0, 288.0, 462.0, 568.0, 722.0]",11.138,0.284,1.128,,,2.0,"[290.0, 578.0]",,4.395,-0.014,1.29,0.12,,5.0,"[152.0, 288.0, 452.0, 568.0, 724.0]",13.323,1.0,[204.0],838.0,1.686,2,0.337,3,0.202,2,0.338,3,0.233,"[2, 2]","[0.0, 0.0]",0.307,-3320.333,0_2_91_p0,jagen,geluiden,c2,pakken,0.405,vangen,0.413,0.304,5.657,-3.968,,,,,,,,,,,,,,,-2.953,0.428,1.338,,-1237.758,1.909,jagen_geluiden_p0,c2
,,,,2914.0,28.223,28.352,6.307,2914.0,27.509,27.589,6.307,2764.0,27.324,27.87,2.609,,,,,,,,,,,,,,,,,,,,,,,,,,,,,,,,,,,,,,,,,,,,,,,,,,,,,,,,,,,,,,,,,,,-0.556,0.343,-0.393,2.0,"[420.0, 1946.0]",-768.926,1.22,-1.507,0.581,-2.07,,1.0,[476.0],-2082.348,1.932,-0.433,0.526,-0.753,,1.0,[1434.0],-598.655,2.339,0.018,1.093,-0.265,1.0,[1940.0],24.674,3.522,-0.667,0.453,-1.412,1.0,[2242.0],-973.171,2.958,-0.173,1.193,0.164,,1.0,[2626.0],-252.968,3.84,-0.262,0.82,-0.066,1.491,2.0,"[408.0, 958.0]",-382.298,2.862,-0.139,0.962,-0.066,1.491,2.0,"[1966.0, 2350.0, 2616.0, 2832.0, 3232.0, 3498.0, 3732.0, 3934.0, 4548.0]",0.0,[],-202.924,3.818,-0.03,1.071,0.958,1.08,7.0,"[460.0, 758.0, 978.0, 1194.0, 1644.0, 1878.0, 2108.0]",-45.862,4.206,-0.363,0.438,-0.486,0.269,2.0,"[278.0, 1778.0]",-528.758,1.453,-0.47,0.484,-0.486,0.269,2.0,"[2350.0, 3134.0, 4116.0]",0.0,[],-685.5,1.827,-0.245,0.623,-0.277,0.764,3.0,"[292.0, 2010.0, 2744.0]",-357.184,2.236,-0.0,1.103,-1.016,0.423,7.0,"[244.0, 408.0, 694.0, 958.0, 1394.0, 2292.0, 2810.0]",-0.6,6.262,1.658,2.34,-1.28,1.0,[642.0],2413.372,6.431,-0.694,0.644,-0.546,0.751,4.0,"[176.0, 944.0, 1926.0, 2360.0]",-1012.421,2.379,-0.438,0.825,-0.546,0.751,4.0,"[1898.0, 2234.0, 2568.0, 2816.0, 3132.0, 3534.0, 4118.0, 4366.0, 4584.0]",0.0,[],-638.366,3.978,-0.376,0.752,-0.413,0.558,8.0,"[360.0, 694.0, 958.0, 1510.0, 1926.0, 2292.0, 2510.0, 2744.0]",-549.389,3.664,-1.121,0.595,-0.907,1.295,2.0,"[310.0, 1976.0]",-1633.387,2.089,-1.227,0.482,-0.907,1.295,2.0,"[2400.0, 3368.0, 4034.0]",0.0,[],-1788.767,2.002,-0.819,0.441,-0.914,0.448,3.0,"[310.0, 1976.0, 2642.0]",-1192.779,1.879,0.188,0.976,-0.361,0.048,3.0,"[180.0, 1382.0, 2230.0]",261.492,4.37,0.105,0.788,-0.684,,1.0,[1364.0],144.326,2.57,0.114,0.647,-0.21,1.339,3.0,"[514.0, 1498.0, 1982.0]",158.16,2.688,0.268,0.781,-0.21,1.339,3.0,"[1666.0, 1900.0, 2282.0, 2616.0, 2918.0, 3200.0, 3450.0, 3698.0, 3948.0]",0.0,[],370.122,3.22,0.221,0.766,-0.103,1.028,9.0,"[214.0, 482.0, 864.0, 1514.0, 1766.0, 2014.0, 2264.0, 2466.0, 2680.0]",306.183,3.065,-0.378,0.519,-0.476,,1.0,[1448.0],-523.601,2.626,-0.715,0.57,-0.476,,1.0,"[1900.0, 2682.0, 3334.0, 4300.0]",0.0,[],-988.918,2.304,-0.633,0.521,-0.088,,1.0,[1482.0],-874.956,2.091,3198.0,2.0,15.222,0.149,0.988,-0.232,0.484,8,"[476.0, 954.0, 1530.0, 1800.0, 2106.0, 2524.0, 2964.0, 3098.0]",237.799,5.984,-0.356,0.602,-0.123,1.015,5,"[298.0, 716.0, 982.0, 1764.0, 2816.0]",-569.794,2.8,-0.405,0.549,-1.126,1,[2348.0],-647.908,2.714,0.715,1.379,0.73,1.683,2,"[864.0, 1864.0]",1142.261,4.734,-0.419,0.479,-1.067,1,[432.0],-670.003,1.635,0.593,1.336,-0.29,0.301,5.0,"[64.0, 370.0, 578.0, 1396.0, 2412.0]",806.959,4.891,0.595,1.452,-0.056,1.269,9.0,"[30.0, 318.0, 430.0, 540.0, 652.0, 1316.0, 1466.0, 2366.0, 2512.0]",806.901,6.794,-0.427,0.903,1.0,[2518.0],,4.084,-1.105,0.537,1.0,[562.0],,4.597,0.075,0.755,-0.26,7.0,"[102.0, 282.0, 404.0, 698.0, 1562.0, 2308.0, 2712.0]",15.662,-0.735,0.944,-1.631,3.0,"[1332.0, 2348.0, 2714.0]",,3.627,0.046,0.4,0.077,,9.0,"[118.0, 272.0, 442.0, 652.0, 1322.0, 1522.0, 2308.0, 2522.0, 2712.0]",9.392,-0.248,0.343,-0.224,,7.0,"[32.0, 372.0, 524.0, 1308.0, 2348.0, 2454.0, 2714.0]",,3.18,0.034,0.467,-1.209,1.552,11.0,"[22.0, 322.0, 450.0, 582.0, 696.0, 1298.0, 1462.0, 1592.0, 2318.0, 2442.0, 2712.0]",10.922,0.0,[],2718.0,2.33,3,0.25,4,0.187,0,0.0,0,0.0,0,0,,0.0,0_2_98_p1,zwaar,geluiden,c0,vechten,0.155,,,0.383,4.281,,,,,,,,,,,0.654,,,,0.383,,,,,,,zwaar_geluiden_p1,c0
,,,,2188.0,26.705,26.436,5.167,2188.0,26.71,27.429,5.167,5326.0,29.773,30.141,3.891,,,,,,,,,,,,,,,,,,,,,,,,,,,,,,,,,,,,,,,,,,,,,,,,,,,,,,,,,,,,,,,,,,,0.051,1.059,1.248,2.0,"[1864.0, 3512.0]",137.468,3.632,-0.048,0.83,0.295,0.608,4.0,"[916.0, 2788.0, 3798.0, 4624.0]",-127.977,3.282,0.185,0.912,0.256,0.8,5.0,"[406.0, 1696.0, 2438.0, 3700.0, 4886.0]",492.864,3.388,-0.147,0.944,0.423,3.0,"[352.0, 1178.0, 3460.0]",-393.062,3.105,-1.054,0.564,0.672,1.0,[1610.0],-1153.609,2.568,0.223,1.103,-0.133,,1.0,[394.0],243.224,4.022,0.037,0.889,0.247,1.913,2.0,"[576.0, 1376.0]",40.101,3.28,0.076,0.98,0.247,1.913,2.0,"[1898.0, 2350.0, 2598.0, 2868.0, 3166.0, 3550.0]",0.0,[],83.867,4.16,0.188,1.119,-0.172,0.751,6.0,"[176.0, 462.0, 1144.0, 1412.0, 1778.0, 2128.0]",205.245,4.875,0.743,1.015,-0.371,,1.0,[526.0],812.1,3.35,0.662,0.998,-0.371,,1.0,"[1784.0, 2482.0, 3382.0]",0.0,[],724.631,3.913,0.508,1.175,-0.198,0.494,2.0,"[528.0, 1510.0]",554.769,4.317,-0.213,0.77,-0.319,0.493,4.0,"[344.0, 726.0, 1610.0, 2012.0]",-232.29,3.434,0.563,0.622,-1.152,1.0,[544.0],615.898,2.501,0.323,0.971,-0.532,0.899,3.0,"[912.0, 1610.0, 2110.0]",352.606,3.361,0.193,1.018,-0.532,0.899,3.0,"[1718.0, 2034.0, 2398.0, 2666.0, 2950.0, 3348.0, 3582.0]",0.0,[],211.06,4.094,0.264,1.111,-0.305,0.497,6.0,"[262.0, 942.0, 1178.0, 1628.0, 1860.0, 2126.0]",287.893,4.064,-0.191,0.745,-0.18,,1.0,[1444.0],-209.737,2.582,-0.276,0.94,-0.18,,1.0,"[2082.0, 2732.0, 3400.0]",0.0,[],-301.403,3.029,-0.15,0.963,-0.664,0.268,2.0,"[812.0, 1476.0]",-163.89,2.902,0.051,1.042,0.007,1.324,6.0,"[220.0, 1086.0, 1902.0, 2718.0, 3568.0, 4486.0]",136.509,5.064,0.08,1.024,0.399,1.229,3.0,"[1136.0, 2020.0, 3802.0]",214.119,4.24,0.086,1.047,0.424,1.17,5.0,"[2120.0, 2770.0, 3404.0, 3952.0, 4868.0]",229.627,3.629,0.03,1.036,0.424,1.17,5.0,"[468.0, 850.0, 1082.0, 1300.0, 1698.0, 1984.0, 2250.0, 2600.0, 2884.0, 3168.0, 3548.0, 3818.0, 4100.0, 4348.0, 4732.0, 5284.0, 5532.0]",0.0,[],81.923,4.137,0.032,1.022,0.639,1.306,14.0,"[1268.0, 1618.0, 1868.0, 2220.0, 2486.0, 2754.0, 3120.0, 3452.0, 3704.0, 3968.0, 4254.0, 4552.0, 4934.0, 5154.0]",86.684,4.754,0.145,0.983,-0.159,0.763,6.0,"[436.0, 1718.0, 2436.0, 3036.0, 3704.0, 4852.0]",387.026,3.931,0.024,1.071,-0.159,0.763,6.0,"[300.0, 1084.0, 1634.0, 2350.0, 2984.0, 3650.0, 4384.0, 5500.0]",0.0,[],64.444,4.85,0.141,1.0,-0.531,0.453,7.0,"[454.0, 1152.0, 1768.0, 2404.0, 3054.0, 3752.0, 4620.0]",377.596,4.558,5326.0,1.0,14.225,0.08,1.053,0.056,0.604,13,"[1412.0, 1762.0, 2062.0, 2406.0, 2630.0, 2960.0, 3130.0, 3318.0, 3716.0, 3958.0, 4662.0, 5058.0, 5216.0]",214.368,6.074,-0.219,0.848,-0.673,0.634,3,"[2270.0, 3234.0, 4320.0]",-584.423,3.543,-0.047,1.032,0.454,4,"[720.0, 2952.0, 4036.0, 5054.0]",-125.511,4.074,-0.03,1.072,0.387,0.557,4,"[468.0, 1970.0, 2884.0, 3852.0]",-81.11,4.104,0.071,1.059,1.284,2,"[1786.0, 3484.0]",190.357,3.849,0.426,1.252,-0.244,0.365,6.0,"[78.0, 200.0, 1250.0, 2660.0, 2786.0, 2932.0]",678.573,4.908,0.432,1.234,-0.347,0.278,9.0,"[34.0, 236.0, 342.0, 468.0, 1184.0, 2518.0, 2636.0, 2888.0, 3080.0]",687.207,6.054,-0.018,0.998,1.0,[1246.0],,3.176,-0.285,0.791,6.0,"[214.0, 380.0, 666.0, 2580.0, 2738.0, 2854.0]",,3.176,0.023,0.802,-0.233,12.0,"[4.0, 158.0, 260.0, 376.0, 638.0, 746.0, 1198.0, 1356.0, 2576.0, 2734.0, 2838.0, 2958.0]",11.677,-0.289,0.801,,6.0,"[550.0, 700.0, 800.0, 1346.0, 2608.0, 2780.0]",,3.372,0.025,0.533,-1.636,,10.0,"[4.0, 124.0, 268.0, 678.0, 798.0, 1208.0, 1308.0, 1444.0, 2598.0, 2770.0]",10.219,-0.225,0.684,1.583,,6.0,"[324.0, 684.0, 796.0, 1316.0, 1434.0, 2720.0]",,4.184,0.016,0.763,-1.529,2.473,11.0,"[268.0, 372.0, 568.0, 678.0, 778.0, 1208.0, 1312.0, 1448.0, 2584.0, 2718.0, 2838.0]",13.95,0.0,[],3182.0,2.023,4,0.15,7,0.097,0,0.0,0,0.0,0,0,,0.0,0_2_99_p1,zwaar,geluiden,c1,pijn,0.288,vechten,0.155,0.383,2.787,,0.947,0.08,0.775,,,,,,-0.484,0.426,,,,0.182,,,,,,,zwaar_geluiden_p1,c1
