StartDate,EndDate,Status,IPAddress,Progress,Duration (in seconds),Finished,RecordedDate,ResponseId,RecipientLastName,RecipientFirstName,RecipientEmail,ExternalReference,LocationLatitude,LocationLongitude,DistributionChannel,UserLanguage,Q1,Q2,Q3,Q4,Q5,Q6,Q26,Q7,Q8,Q9,Q10,Q25_1,Q25_2,Q25_3,Q25_4,Q11_1,Q12_1,Q16,Q17_1,Q17_2,Q17_3,Q17_4,Q17_5,Q17_6,Q17_7,Q17_8,Q17_9,Q17_10,Q18_1,Q18_2,Q20_1,Q20_2,Q20_3,Q20_4,Q20_5,Q20_6,Q20_7,Q20_8,Q20_9,Q20_10,Q20_11,Q20_12,Q20_13,Q20_14,Q20_15,Q20_16,Q20_17,Q20_18,Q20_19,Q20_20,Q20_21,Q20_22,Q20_23,Q20_24,Q20_25,Q20_26,Q20_27,Q20_28,Q20_29,Q20_30,Q20_31,Q20_32,Q20_33,Q20_34,Q20_35,Q20_36,Q20_37,Q20_38,Q20_39,Q20_40,Q20_41,Q20_42,Q20_43,Q20_44,Q20_45,Q20_46,Q20_47,Q20_48,Q20_49,Q20_50,Q20_51,Q20_52,Q20_53,Q20_54,Q20_55,Q20_56,Q20_57,Q20_58,Q20_59,Q20_60,Q24
Start Date,End Date,Response Type,IP Address,Progress,Duration (in seconds),Finished,Recorded Date,Response ID,Recipient Last Name,Recipient First Name,Recipient Email,External Data Reference,Location Latitude,Location Longitude,Distribution Channel,User Language,Wat is je participant-ID (toegewezen door de onderzoeker)?,Hoe oud ben je?,Wat is je biologische geslacht (dat bij je geboorte is toegekend)?,Met welke van de onderstaande genders identificeer je je het meest?,Wat zijn je moedertalen?,"Welke andere (gebaren)talen spreek je? Geef voor iedere van deze je vaardigheid aan. (basiskennis / goede kennis / vloeiend)

Bijvoorbeeld: Engels (vloeiend), Duits (basiskennis), etc.","Welke andere (gebaren)talen spreek je? Geef voor iedere van deze je vaardigheid aan. (basiskennis / goede kennis / vloeiend)

Bijvoorbeeld: Engels (vloeiend), Duits (basiskennis), etc.","Met welke etnische groepen identificeer je je?

(Bijvoorbeeld Nederlands, of een andere Europese groep, Turks, Koerdisch, Marokkaans, Surinaams, Antilliaans, Afrikaans, creools, Hindoestaans, Aziatisch)

Je kunt ook antwoorden met 'Zeg ik liever niet' of 'Weet ik niet'.",Wat is je gewicht (zoals gemeten in het lab)?,Wat is je lengte (zoals gemeten in het lab)?,"Ben je slechtziend? Zo ja, is hiervoor gecorrigeerd (met een bril of contactlenzen)?",Is er één of meerdere van de onderstaande leer- of ontwikkelingsstoornissen bij je vastgesteld? - Dyslexie,Is er één of meerdere van de onderstaande leer- of ontwikkelingsstoornissen bij je vastgesteld? - Dysgrafie,Is er één of meerdere van de onderstaande leer- of ontwikkelingsstoornissen bij je vastgesteld? - Dyscalculie,Is er één of meerdere van de onderstaande leer- of ontwikkelingsstoornissen bij je vastgesteld? - Dyspraxie,"Hoe bekend ben je met de persoon met wie je aan dit experiment meedoet? - 1 – zeer onbekend, 7 – zeer bekend","Hoe comfortabel voel je je bij de persoon met wie je aan dit experiment meedoet? - 1 – zeer oncomfortabel,  7 – zeer comfortabel",Heb je ooit een neiging naar linkshandigheid gehad?,"Geef je voorkeurshand aan bij de volgende activiteiten met een ‘+’ in de betreffende kolom (Links of Rechts).



Als je voorkeur dusdanig sterk is dat je nooit de andere hand gebruikt tenzij dit absoluut noodzakelijk is, antwoord dan met ‘++’ (corresponderend met de getallen 1 en 5). Als je echt geen voorkeur hebt voor een hand, antwoord dan met 'geen voorkeur' (corresponderend met het getal 3).



Voor sommige van de onderstaande activiteiten zijn beide handen nodig. Voor deze gevallen is tussen haakjes het deel van de taak, of het benodigde object aangegeven waarvoor de handvoorkeur moet worden gespecifieerd. Laat het antwoord voor een activiteit alleen open als je echt geen ervaring hebt met deze taak. - Schrijven","Geef je voorkeurshand aan bij de volgende activiteiten met een ‘+’ in de betreffende kolom (Links of Rechts).



Als je voorkeur dusdanig sterk is dat je nooit de andere hand gebruikt tenzij dit absoluut noodzakelijk is, antwoord dan met ‘++’ (corresponderend met de getallen 1 en 5). Als je echt geen voorkeur hebt voor een hand, antwoord dan met 'geen voorkeur' (corresponderend met het getal 3).



Voor sommige van de onderstaande activiteiten zijn beide handen nodig. Voor deze gevallen is tussen haakjes het deel van de taak, of het benodigde object aangegeven waarvoor de handvoorkeur moet worden gespecifieerd. Laat het antwoord voor een activiteit alleen open als je echt geen ervaring hebt met deze taak. - Tekenen","Geef je voorkeurshand aan bij de volgende activiteiten met een ‘+’ in de betreffende kolom (Links of Rechts).



Als je voorkeur dusdanig sterk is dat je nooit de andere hand gebruikt tenzij dit absoluut noodzakelijk is, antwoord dan met ‘++’ (corresponderend met de getallen 1 en 5). Als je echt geen voorkeur hebt voor een hand, antwoord dan met 'geen voorkeur' (corresponderend met het getal 3).



Voor sommige van de onderstaande activiteiten zijn beide handen nodig. Voor deze gevallen is tussen haakjes het deel van de taak, of het benodigde object aangegeven waarvoor de handvoorkeur moet worden gespecifieerd. Laat het antwoord voor een activiteit alleen open als je echt geen ervaring hebt met deze taak. - Gooien","Geef je voorkeurshand aan bij de volgende activiteiten met een ‘+’ in de betreffende kolom (Links of Rechts).



Als je voorkeur dusdanig sterk is dat je nooit de andere hand gebruikt tenzij dit absoluut noodzakelijk is, antwoord dan met ‘++’ (corresponderend met de getallen 1 en 5). Als je echt geen voorkeur hebt voor een hand, antwoord dan met 'geen voorkeur' (corresponderend met het getal 3).



Voor sommige van de onderstaande activiteiten zijn beide handen nodig. Voor deze gevallen is tussen haakjes het deel van de taak, of het benodigde object aangegeven waarvoor de handvoorkeur moet worden gespecifieerd. Laat het antwoord voor een activiteit alleen open als je echt geen ervaring hebt met deze taak. - Knippen (schaar)","Geef je voorkeurshand aan bij de volgende activiteiten met een ‘+’ in de betreffende kolom (Links of Rechts).



Als je voorkeur dusdanig sterk is dat je nooit de andere hand gebruikt tenzij dit absoluut noodzakelijk is, antwoord dan met ‘++’ (corresponderend met de getallen 1 en 5). Als je echt geen voorkeur hebt voor een hand, antwoord dan met 'geen voorkeur' (corresponderend met het getal 3).



Voor sommige van de onderstaande activiteiten zijn beide handen nodig. Voor deze gevallen is tussen haakjes het deel van de taak, of het benodigde object aangegeven waarvoor de handvoorkeur moet worden gespecifieerd. Laat het antwoord voor een activiteit alleen open als je echt geen ervaring hebt met deze taak. - Tandenborstel","Geef je voorkeurshand aan bij de volgende activiteiten met een ‘+’ in de betreffende kolom (Links of Rechts).



Als je voorkeur dusdanig sterk is dat je nooit de andere hand gebruikt tenzij dit absoluut noodzakelijk is, antwoord dan met ‘++’ (corresponderend met de getallen 1 en 5). Als je echt geen voorkeur hebt voor een hand, antwoord dan met 'geen voorkeur' (corresponderend met het getal 3).



Voor sommige van de onderstaande activiteiten zijn beide handen nodig. Voor deze gevallen is tussen haakjes het deel van de taak, of het benodigde object aangegeven waarvoor de handvoorkeur moet worden gespecifieerd. Laat het antwoord voor een activiteit alleen open als je echt geen ervaring hebt met deze taak. - Mes (zonder vork)","Geef je voorkeurshand aan bij de volgende activiteiten met een ‘+’ in de betreffende kolom (Links of Rechts).



Als je voorkeur dusdanig sterk is dat je nooit de andere hand gebruikt tenzij dit absoluut noodzakelijk is, antwoord dan met ‘++’ (corresponderend met de getallen 1 en 5). Als je echt geen voorkeur hebt voor een hand, antwoord dan met 'geen voorkeur' (corresponderend met het getal 3).



Voor sommige van de onderstaande activiteiten zijn beide handen nodig. Voor deze gevallen is tussen haakjes het deel van de taak, of het benodigde object aangegeven waarvoor de handvoorkeur moet worden gespecifieerd. Laat het antwoord voor een activiteit alleen open als je echt geen ervaring hebt met deze taak. - Lepel","Geef je voorkeurshand aan bij de volgende activiteiten met een ‘+’ in de betreffende kolom (Links of Rechts).



Als je voorkeur dusdanig sterk is dat je nooit de andere hand gebruikt tenzij dit absoluut noodzakelijk is, antwoord dan met ‘++’ (corresponderend met de getallen 1 en 5). Als je echt geen voorkeur hebt voor een hand, antwoord dan met 'geen voorkeur' (corresponderend met het getal 3).



Voor sommige van de onderstaande activiteiten zijn beide handen nodig. Voor deze gevallen is tussen haakjes het deel van de taak, of het benodigde object aangegeven waarvoor de handvoorkeur moet worden gespecifieerd. Laat het antwoord voor een activiteit alleen open als je echt geen ervaring hebt met deze taak. - Bezem (bovenste hand)","Geef je voorkeurshand aan bij de volgende activiteiten met een ‘+’ in de betreffende kolom (Links of Rechts).



Als je voorkeur dusdanig sterk is dat je nooit de andere hand gebruikt tenzij dit absoluut noodzakelijk is, antwoord dan met ‘++’ (corresponderend met de getallen 1 en 5). Als je echt geen voorkeur hebt voor een hand, antwoord dan met 'geen voorkeur' (corresponderend met het getal 3).



Voor sommige van de onderstaande activiteiten zijn beide handen nodig. Voor deze gevallen is tussen haakjes het deel van de taak, of het benodigde object aangegeven waarvoor de handvoorkeur moet worden gespecifieerd. Laat het antwoord voor een activiteit alleen open als je echt geen ervaring hebt met deze taak. - Lucifer strijken (lucifer)","Geef je voorkeurshand aan bij de volgende activiteiten met een ‘+’ in de betreffende kolom (Links of Rechts).



Als je voorkeur dusdanig sterk is dat je nooit de andere hand gebruikt tenzij dit absoluut noodzakelijk is, antwoord dan met ‘++’ (corresponderend met de getallen 1 en 5). Als je echt geen voorkeur hebt voor een hand, antwoord dan met 'geen voorkeur' (corresponderend met het getal 3).



Voor sommige van de onderstaande activiteiten zijn beide handen nodig. Voor deze gevallen is tussen haakjes het deel van de taak, of het benodigde object aangegeven waarvoor de handvoorkeur moet worden gespecifieerd. Laat het antwoord voor een activiteit alleen open als je echt geen ervaring hebt met deze taak. - Doos openen (deksel)",Q18 - Met welke voet trap je?,Q18 - Welk oog is dominant (en zou je liever gebruiken als je er slechts één kon gebruiken),"Ik zie mezelf als iemand die...



Nogmaals, de antwoordschaal is

1. Helemaal oneens    2. Oneens    3. Niet eens én niet oneens    4. Eens    5. Helemaal eens - Communicatief, een gezelschapsmens is","Ik zie mezelf als iemand die...



Nogmaals, de antwoordschaal is

1. Helemaal oneens    2. Oneens    3. Niet eens én niet oneens    4. Eens    5. Helemaal eens - Betrokken, meevoelend is","Ik zie mezelf als iemand die...



Nogmaals, de antwoordschaal is

1. Helemaal oneens    2. Oneens    3. Niet eens én niet oneens    4. Eens    5. Helemaal eens - Geneigd is tot slordigheid","Ik zie mezelf als iemand die...



Nogmaals, de antwoordschaal is

1. Helemaal oneens    2. Oneens    3. Niet eens én niet oneens    4. Eens    5. Helemaal eens - Ontspannen is, goed met stress kan omgaan","Ik zie mezelf als iemand die...



Nogmaals, de antwoordschaal is

1. Helemaal oneens    2. Oneens    3. Niet eens én niet oneens    4. Eens    5. Helemaal eens - weinig interesse voor kunst heeft","Ik zie mezelf als iemand die...



Nogmaals, de antwoordschaal is

1. Helemaal oneens    2. Oneens    3. Niet eens én niet oneens    4. Eens    5. Helemaal eens - Een persoon is die voor zichzelf opkomt","Ik zie mezelf als iemand die...



Nogmaals, de antwoordschaal is

1. Helemaal oneens    2. Oneens    3. Niet eens én niet oneens    4. Eens    5. Helemaal eens - Respectvol is, anderen met respect behandelt","Ik zie mezelf als iemand die...



Nogmaals, de antwoordschaal is

1. Helemaal oneens    2. Oneens    3. Niet eens én niet oneens    4. Eens    5. Helemaal eens - Geneigd is om lui te zijn","Ik zie mezelf als iemand die...



Nogmaals, de antwoordschaal is

1. Helemaal oneens    2. Oneens    3. Niet eens én niet oneens    4. Eens    5. Helemaal eens - Optimistisch blijft na een tegenslag","Ik zie mezelf als iemand die...



Nogmaals, de antwoordschaal is

1. Helemaal oneens    2. Oneens    3. Niet eens én niet oneens    4. Eens    5. Helemaal eens - Benieuwd is naar veel verschillende dingen","Ik zie mezelf als iemand die...



Nogmaals, de antwoordschaal is

1. Helemaal oneens    2. Oneens    3. Niet eens én niet oneens    4. Eens    5. Helemaal eens - Zelden uitgelaten of gretig is","Ik zie mezelf als iemand die...



Nogmaals, de antwoordschaal is

1. Helemaal oneens    2. Oneens    3. Niet eens én niet oneens    4. Eens    5. Helemaal eens - De neiging heeft om de fout bij anderen te zoeken","Ik zie mezelf als iemand die...



Nogmaals, de antwoordschaal is

1. Helemaal oneens    2. Oneens    3. Niet eens én niet oneens    4. Eens    5. Helemaal eens - Verantwoordelijk, degelijk is","Ik zie mezelf als iemand die...



Nogmaals, de antwoordschaal is

1. Helemaal oneens    2. Oneens    3. Niet eens én niet oneens    4. Eens    5. Helemaal eens - Humeurig is, wiens stemming op en neer gaat","Ik zie mezelf als iemand die...



Nogmaals, de antwoordschaal is

1. Helemaal oneens    2. Oneens    3. Niet eens én niet oneens    4. Eens    5. Helemaal eens - Vindingrijk is, creatieve manieren verzint om dingen te doen","Ik zie mezelf als iemand die...



Nogmaals, de antwoordschaal is

1. Helemaal oneens    2. Oneens    3. Niet eens én niet oneens    4. Eens    5. Helemaal eens - Doorgaans stil is","Ik zie mezelf als iemand die...



Nogmaals, de antwoordschaal is

1. Helemaal oneens    2. Oneens    3. Niet eens én niet oneens    4. Eens    5. Helemaal eens - Weinig sympathie voor anderen voelt","Ik zie mezelf als iemand die...



Nogmaals, de antwoordschaal is

1. Helemaal oneens    2. Oneens    3. Niet eens én niet oneens    4. Eens    5. Helemaal eens - Systematisch is, dingen graag op orde houdt","Ik zie mezelf als iemand die...



Nogmaals, de antwoordschaal is

1. Helemaal oneens    2. Oneens    3. Niet eens én niet oneens    4. Eens    5. Helemaal eens - Gespannen kan zijn","Ik zie mezelf als iemand die...



Nogmaals, de antwoordschaal is

1. Helemaal oneens    2. Oneens    3. Niet eens én niet oneens    4. Eens    5. Helemaal eens - Gefascineerd is door kunst, muziek of literatuur","Ik zie mezelf als iemand die...



Nogmaals, de antwoordschaal is

1. Helemaal oneens    2. Oneens    3. Niet eens én niet oneens    4. Eens    5. Helemaal eens - De toon zet, als een leider handelt","Ik zie mezelf als iemand die...



Nogmaals, de antwoordschaal is

1. Helemaal oneens    2. Oneens    3. Niet eens én niet oneens    4. Eens    5. Helemaal eens - Snel ruzie maakt","Ik zie mezelf als iemand die...



Nogmaals, de antwoordschaal is

1. Helemaal oneens    2. Oneens    3. Niet eens én niet oneens    4. Eens    5. Helemaal eens - Moeite heeft om met taken te beginnen","Ik zie mezelf als iemand die...



Nogmaals, de antwoordschaal is

1. Helemaal oneens    2. Oneens    3. Niet eens én niet oneens    4. Eens    5. Helemaal eens - Zich zeker, op diens gemak voelt bij zichzelf","Ik zie mezelf als iemand die...



Nogmaals, de antwoordschaal is

1. Helemaal oneens    2. Oneens    3. Niet eens én niet oneens    4. Eens    5. Helemaal eens - Intellectuele, filosofische discussies uit de weg gaat","Ik zie mezelf als iemand die...



Nogmaals, de antwoordschaal is

1. Helemaal oneens    2. Oneens    3. Niet eens én niet oneens    4. Eens    5. Helemaal eens - Minder levendig dan anderen is","Ik zie mezelf als iemand die...



Nogmaals, de antwoordschaal is

1. Helemaal oneens    2. Oneens    3. Niet eens én niet oneens    4. Eens    5. Helemaal eens - Vergevingsgezind en verdraagzaam is","Ik zie mezelf als iemand die...



Nogmaals, de antwoordschaal is

1. Helemaal oneens    2. Oneens    3. Niet eens én niet oneens    4. Eens    5. Helemaal eens - Enigszins nalatig kan zijn","Ik zie mezelf als iemand die...



Nogmaals, de antwoordschaal is

1. Helemaal oneens    2. Oneens    3. Niet eens én niet oneens    4. Eens    5. Helemaal eens - Emotioneel stabiel is, niet gemakkelijk overstuur","Ik zie mezelf als iemand die...



Nogmaals, de antwoordschaal is

1. Helemaal oneens    2. Oneens    3. Niet eens én niet oneens    4. Eens    5. Helemaal eens - Weinig creativiteit heeft","Ik zie mezelf als iemand die...



Nogmaals, de antwoordschaal is

1. Helemaal oneens    2. Oneens    3. Niet eens én niet oneens    4. Eens    5. Helemaal eens - Soms verlegen, introvert is","Ik zie mezelf als iemand die...



Nogmaals, de antwoordschaal is

1. Helemaal oneens    2. Oneens    3. Niet eens én niet oneens    4. Eens    5. Helemaal eens - Behulpzaam en onzelfzuchtig ten opzichte van anderen is","Ik zie mezelf als iemand die...



Nogmaals, de antwoordschaal is

1. Helemaal oneens    2. Oneens    3. Niet eens én niet oneens    4. Eens    5. Helemaal eens - Dingen netjes en verzorgd houdt","Ik zie mezelf als iemand die...



Nogmaals, de antwoordschaal is

1. Helemaal oneens    2. Oneens    3. Niet eens én niet oneens    4. Eens    5. Helemaal eens - Zich veel zorgen maakt","Ik zie mezelf als iemand die...



Nogmaals, de antwoordschaal is

1. Helemaal oneens    2. Oneens    3. Niet eens én niet oneens    4. Eens    5. Helemaal eens - Waarde hecht aan kunst en schoonheid","Ik zie mezelf als iemand die...



Nogmaals, de antwoordschaal is

1. Helemaal oneens    2. Oneens    3. Niet eens én niet oneens    4. Eens    5. Helemaal eens - Moeite heeft om andere mensen te overtuigen","Ik zie mezelf als iemand die...



Nogmaals, de antwoordschaal is

1. Helemaal oneens    2. Oneens    3. Niet eens én niet oneens    4. Eens    5. Helemaal eens - Soms onbeleefd tegen anderen is","Ik zie mezelf als iemand die...



Nogmaals, de antwoordschaal is

1. Helemaal oneens    2. Oneens    3. Niet eens én niet oneens    4. Eens    5. Helemaal eens - Efficiënt is, klussen afkrijgt","Ik zie mezelf als iemand die...



Nogmaals, de antwoordschaal is

1. Helemaal oneens    2. Oneens    3. Niet eens én niet oneens    4. Eens    5. Helemaal eens - Zich vaak verdrietig voelt","Ik zie mezelf als iemand die...



Nogmaals, de antwoordschaal is

1. Helemaal oneens    2. Oneens    3. Niet eens én niet oneens    4. Eens    5. Helemaal eens - Genuanceerd en diep over dingen nadenkt","Ik zie mezelf als iemand die...



Nogmaals, de antwoordschaal is

1. Helemaal oneens    2. Oneens    3. Niet eens én niet oneens    4. Eens    5. Helemaal eens - Vol energie is","Ik zie mezelf als iemand die...



Nogmaals, de antwoordschaal is

1. Helemaal oneens    2. Oneens    3. Niet eens én niet oneens    4. Eens    5. Helemaal eens - Niet zo snel uitgaat van de goede bedoelingen van anderen","Ik zie mezelf als iemand die...



Nogmaals, de antwoordschaal is

1. Helemaal oneens    2. Oneens    3. Niet eens én niet oneens    4. Eens    5. Helemaal eens - Betrouwbaar is, verwachtingen altijd waarmaakt","Ik zie mezelf als iemand die...



Nogmaals, de antwoordschaal is

1. Helemaal oneens    2. Oneens    3. Niet eens én niet oneens    4. Eens    5. Helemaal eens - Zijn/haar/diens emoties onder controle houdt","Ik zie mezelf als iemand die...



Nogmaals, de antwoordschaal is

1. Helemaal oneens    2. Oneens    3. Niet eens én niet oneens    4. Eens    5. Helemaal eens - Weinig verbeeldingskracht heeft","Ik zie mezelf als iemand die...



Nogmaals, de antwoordschaal is

1. Helemaal oneens    2. Oneens    3. Niet eens én niet oneens    4. Eens    5. Helemaal eens - Spraakzaam is","Ik zie mezelf als iemand die...



Nogmaals, de antwoordschaal is

1. Helemaal oneens    2. Oneens    3. Niet eens én niet oneens    4. Eens    5. Helemaal eens - Koud en ongevoelig kan zijn","Ik zie mezelf als iemand die...



Nogmaals, de antwoordschaal is

1. Helemaal oneens    2. Oneens    3. Niet eens én niet oneens    4. Eens    5. Helemaal eens - Er een rommel van maakt, niet opruimt","Ik zie mezelf als iemand die...



Nogmaals, de antwoordschaal is

1. Helemaal oneens    2. Oneens    3. Niet eens én niet oneens    4. Eens    5. Helemaal eens - Zich zelden angstig of bang voelt","Ik zie mezelf als iemand die...



Nogmaals, de antwoordschaal is

1. Helemaal oneens    2. Oneens    3. Niet eens én niet oneens    4. Eens    5. Helemaal eens - Vindt dat dichtkunst en toneel maar saai zijn","Ik zie mezelf als iemand die...



Nogmaals, de antwoordschaal is

1. Helemaal oneens    2. Oneens    3. Niet eens én niet oneens    4. Eens    5. Helemaal eens - Het liefst ziet dat anderen het voortouw nemen","Ik zie mezelf als iemand die...



Nogmaals, de antwoordschaal is

1. Helemaal oneens    2. Oneens    3. Niet eens én niet oneens    4. Eens    5. Helemaal eens - Beleefd, hoffelijk naar anderen is","Ik zie mezelf als iemand die...



Nogmaals, de antwoordschaal is

1. Helemaal oneens    2. Oneens    3. Niet eens én niet oneens    4. Eens    5. Helemaal eens - Volhoudend is, werkt tot de taak af is","Ik zie mezelf als iemand die...



Nogmaals, de antwoordschaal is

1. Helemaal oneens    2. Oneens    3. Niet eens én niet oneens    4. Eens    5. Helemaal eens - Ertoe neigt zich teneergeslagen, somber te voelen","Ik zie mezelf als iemand die...



Nogmaals, de antwoordschaal is

1. Helemaal oneens    2. Oneens    3. Niet eens én niet oneens    4. Eens    5. Helemaal eens - Weinig interesse in abstracte ideeën heeft","Ik zie mezelf als iemand die...



Nogmaals, de antwoordschaal is

1. Helemaal oneens    2. Oneens    3. Niet eens én niet oneens    4. Eens    5. Helemaal eens - Veel enthousiasme en uitbundigheid uitstraalt","Ik zie mezelf als iemand die...



Nogmaals, de antwoordschaal is

1. Helemaal oneens    2. Oneens    3. Niet eens én niet oneens    4. Eens    5. Helemaal eens - Van het beste in mensen uitgaat","Ik zie mezelf als iemand die...



Nogmaals, de antwoordschaal is

1. Helemaal oneens    2. Oneens    3. Niet eens én niet oneens    4. Eens    5. Helemaal eens - Zich soms onverantwoordelijk en ondoordacht gedraagt","Ik zie mezelf als iemand die...



Nogmaals, de antwoordschaal is

1. Helemaal oneens    2. Oneens    3. Niet eens én niet oneens    4. Eens    5. Helemaal eens - Opvliegend is, makkelijk emotioneel wordt","Ik zie mezelf als iemand die...



Nogmaals, de antwoordschaal is

1. Helemaal oneens    2. Oneens    3. Niet eens én niet oneens    4. Eens    5. Helemaal eens - Origineel is, met nieuwe ideeën komt","Mochten je zaken zijn opgevallen tijdens het experiment, of mocht je nog feedback voor ons hebben, laat het dan graag voor ons achter!"
"{""ImportId"":""startDate"",""timeZone"":""Europe/Berlin""}","{""ImportId"":""endDate"",""timeZone"":""Europe/Berlin""}","{""ImportId"":""status""}","{""ImportId"":""ipAddress""}","{""ImportId"":""progress""}","{""ImportId"":""duration""}","{""ImportId"":""finished""}","{""ImportId"":""recordedDate"",""timeZone"":""Europe/Berlin""}","{""ImportId"":""_recordId""}","{""ImportId"":""recipientLastName""}","{""ImportId"":""recipientFirstName""}","{""ImportId"":""recipientEmail""}","{""ImportId"":""externalDataReference""}","{""ImportId"":""locationLatitude""}","{""ImportId"":""locationLongitude""}","{""ImportId"":""distributionChannel""}","{""ImportId"":""userLanguage""}","{""ImportId"":""QID14_TEXT""}","{""ImportId"":""QID2_TEXT""}","{""ImportId"":""QID3""}","{""ImportId"":""QID4""}","{""ImportId"":""QID6_TEXT""}","{""ImportId"":""QID15_TEXT""}","{""ImportId"":""QID26_TEXT""}","{""ImportId"":""QID7_TEXT""}","{""ImportId"":""QID8_TEXT""}","{""ImportId"":""QID9_TEXT""}","{""ImportId"":""QID10""}","{""ImportId"":""QID25_1""}","{""ImportId"":""QID25_2""}","{""ImportId"":""QID25_3""}","{""ImportId"":""QID25_4""}","{""ImportId"":""QID11_1""}","{""ImportId"":""QID13_1""}","{""ImportId"":""QID16""}","{""ImportId"":""QID17_1""}","{""ImportId"":""QID17_2""}","{""ImportId"":""QID17_3""}","{""ImportId"":""QID17_4""}","{""ImportId"":""QID17_5""}","{""ImportId"":""QID17_6""}","{""ImportId"":""QID17_7""}","{""ImportId"":""QID17_8""}","{""ImportId"":""QID17_9""}","{""ImportId"":""QID17_10""}","{""ImportId"":""QID18_1""}","{""ImportId"":""QID18_2""}","{""ImportId"":""QID20_1""}","{""ImportId"":""QID20_2""}","{""ImportId"":""QID20_3""}","{""ImportId"":""QID20_4""}","{""ImportId"":""QID20_5""}","{""ImportId"":""QID20_6""}","{""ImportId"":""QID20_7""}","{""ImportId"":""QID20_8""}","{""ImportId"":""QID20_9""}","{""ImportId"":""QID20_10""}","{""ImportId"":""QID20_11""}","{""ImportId"":""QID20_12""}","{""ImportId"":""QID20_13""}","{""ImportId"":""QID20_14""}","{""ImportId"":""QID20_15""}","{""ImportId"":""QID20_16""}","{""ImportId"":""QID20_17""}","{""ImportId"":""QID20_18""}","{""ImportId"":""QID20_19""}","{""ImportId"":""QID20_20""}","{""ImportId"":""QID20_21""}","{""ImportId"":""QID20_22""}","{""ImportId"":""QID20_23""}","{""ImportId"":""QID20_24""}","{""ImportId"":""QID20_25""}","{""ImportId"":""QID20_26""}","{""ImportId"":""QID20_27""}","{""ImportId"":""QID20_28""}","{""ImportId"":""QID20_29""}","{""ImportId"":""QID20_30""}","{""ImportId"":""QID20_31""}","{""ImportId"":""QID20_32""}","{""ImportId"":""QID20_33""}","{""ImportId"":""QID20_34""}","{""ImportId"":""QID20_35""}","{""ImportId"":""QID20_36""}","{""ImportId"":""QID20_37""}","{""ImportId"":""QID20_38""}","{""ImportId"":""QID20_39""}","{""ImportId"":""QID20_40""}","{""ImportId"":""QID20_41""}","{""ImportId"":""QID20_42""}","{""ImportId"":""QID20_43""}","{""ImportId"":""QID20_44""}","{""ImportId"":""QID20_45""}","{""ImportId"":""QID20_46""}","{""ImportId"":""QID20_47""}","{""ImportId"":""QID20_48""}","{""ImportId"":""QID20_49""}","{""ImportId"":""QID20_50""}","{""ImportId"":""QID20_51""}","{""ImportId"":""QID20_52""}","{""ImportId"":""QID20_53""}","{""ImportId"":""QID20_54""}","{""ImportId"":""QID20_55""}","{""ImportId"":""QID20_56""}","{""ImportId"":""QID20_57""}","{""ImportId"":""QID20_58""}","{""ImportId"":""QID20_59""}","{""ImportId"":""QID20_60""}","{""ImportId"":""QID24_TEXT""}"
2023-12-07 16:48:20,2023-12-07 16:53:24,IP Address,145.116.135.80,100,303,True,2023-12-07 16:53:24,R_2fB9Dkfv7Obc9e9,,,,,50.8346,5.7297,anonymous,EN,1_0,21,vrouw,vrouw,Nederlands,Engels (basis),,Nederlands,64,167,Nee,Nee,Nee,Nee,Nee,1,3,Nee,5,5,5,5,5,5,5,5,5,5,5,3,3,4,3,4,4,4,4,4,5,4,2,3,4,4,4,3,2,4,4,2,2,3,3,3,5,3,3,3,4,4,4,3,4,3,2,3,3,4,3,4,3,3,4,4,3,3,4,3,2,4,4,3,3,4,4,3,4,4,3,3,
2023-12-07 16:49:15,2023-12-07 16:58:46,IP Address,188.206.69.135,100,571,True,2023-12-07 16:58:47,R_2WY9ZKZINgQ7yJi,,,,,52.3795,4.8777,anonymous,EN,1_1,20,vrouw,vrouw,Nederlands,Engels (vloeiend) Duits (goede kennis) Russisch en Zweeds (basiskennis),,Russisch,"62,9kg",163cm,"Ja, niet gecorrigeerd",Nee,Nee,Nee,Nee,1,7,Nee,4,5,5,5,5,5,5,5,5,5,5,5,5,4,1,4,1,5,5,2,5,5,4,2,4,2,5,3,1,3,4,5,3,1,2,5,1,2,5,2,5,1,4,5,5,2,5,2,1,4,1,5,4,1,5,3,3,5,3,2,3,1,2,5,5,1,2,5,5,2,1,5,
2023-12-13 14:26:59,2023-12-13 14:57:10,IP Address,213.124.169.4,100,1810,True,2023-12-13 14:57:11,R_2QLphl5r9ABcxNB,,,,,51.8199,5.8715,anonymous,EN,1774457,25,man,man,Nederlands,Engels goede kennis,,Nederlands,83,193,Nee,Nee,Nee,Nee,Nee,7,6,Ja,1,1,2,2,1,1,1,1,1,2,2,2,5,4,2,3,3,5,4,2,4,4,4,3,4,4,2,2,2,4,4,3,4,3,3,4,2,2,3,4,3,3,2,2,5,3,2,2,4,3,3,4,4,4,3,3,2,4,3,1,2,4,2,4,3,3,2,4,2,3,4,2,
2023-12-13 14:31:31,2023-12-13 15:16:21,IP Address,145.116.163.40,100,2690,True,2023-12-13 15:16:22,R_BLAi8JbwyEFpFLP,,,,,51.8486,5.8508,anonymous,EN,1.1,23,man,man,Nederlands,Engels (goede kennis),,Nederlands,81,1.87,"Ja, wel gecorrigeerd",Nee,Nee,Nee,Nee,7,7,Nee,5,5,5,5,4,5,5,5,5,4,5,1,5,4,4,4,3,2,4,2,4,4,4,2,4,2,4,3,1,2,2,2,3,3,3,5,2,2,2,3,4,2,4,2,4,4,2,3,2,3,2,4,3,2,3,4,2,3,1,2,3,2,4,4,3,3,2,2,5,3,2,4,
2023-12-14 12:35:13,2023-12-14 12:39:28,IP Address,145.137.166.145,100,255,True,2023-12-14 12:39:29,R_6NldwFMw9unWTuc,,,,,52.0093,5.5548,anonymous,EN,2_1,25,man,man,nederlands,engels frans,,nederlands,80 kg,200 cm,Nee,Nee,Nee,Nee,Nee,0,2,Nee,5,5,5,5,5,5,5,5,5,5,5,5,5,4,5,5,2,5,5,3,2,5,5,2,5,5,3,2,1,2,4,3,2,2,5,2,1,1,2,2,3,4,2,2,2,4,4,2,4,2,3,5,3,5,5,3,1,5,1,5,2,1,2,4,4,4,2,5,1,2,3,5,
2023-12-14 12:37:36,2023-12-14 12:43:36,IP Address,45.138.54.102,100,359,True,2023-12-14 12:43:36,R_7YhAhLxQhVVzuyR,,,,,52.3759,4.8975,anonymous,EN,2-0,23,man,man,Nederlands,Engels (vloeiend) frans (basiskennis),,Nederlands,67 kg,178 cm,Nee,Nee,Nee,Nee,Nee,0,6,Ja,1,1,5,5,3,4,2,3,5,1,5,5,4,4,2,5,2,2,5,1,5,5,4,1,3,1,4,5,1,1,2,3,2,1,5,4,1,3,5,4,4,2,1,5,2,3,2,4,2,2,3,4,2,1,4,5,1,3,1,1,4,2,4,4,3,2,1,4,5,2,1,3,
2023-12-20 13:59:44,2023-12-20 14:04:35,IP Address,145.116.142.240,100,290,True,2023-12-20 14:04:35,R_2pzJCDSiD2auAWc,,,,,51.8421,5.8593,anonymous,EN,4_0,18,vrouw,vrouw,Nederlands,Engels (vloeiend) Frans (basiskennis),,Nederlands,"79,0",175,"Ja, niet gecorrigeerd",Nee,Nee,Nee,Nee,6,5,Nee,5,5,5,5,5,5,5,5,5,5,5,5,5,3,5,2,2,5,3,5,2,3,2,2,1,1,5,3,2,2,4,2,5,4,5,4,2,2,1,2,2,1,2,1,2,5,3,1,3,3,2,2,4,5,2,2,1,5,2,3,1,1,1,2,1,2,2,4,2,3,2,5,
2023-12-20 14:00:36,2023-12-20 14:07:48,IP Address,145.116.178.83,100,431,True,2023-12-20 14:07:48,R_507eDKW5MVyiABE,,,,,51.8339,5.8643,anonymous,EN,4-1,18,vrouw,vrouw,Nederlands,Engels (goeie kennis),,Nederlands,"70,5",163,"Ja, wel gecorrigeerd",Nee,Nee,Nee,Nee,7,7,Nee,5,5,5,5,5,5,5,5,5,3,5,5,4,4,3,1,1,1,5,3,1,3,4,2,4,2,2,4,1,3,5,5,1,1,5,3,3,3,3,3,1,2,5,4,3,5,5,5,2,1,1,5,3,2,3,2,1,4,1,2,1,3,4,5,2,3,3,5,5,2,3,1,
2023-12-21 12:31:33,2023-12-21 12:40:02,IP Address,145.97.26.126,100,508,True,2023-12-21 12:40:03,R_7I1GHsOlB7oaTeN,,,,,51.9455,5.9288,anonymous,EN,51,22,vrouw,vrouw,Nederlands,"Basiskennis gebarentaal, engels goede kennis duits basiskennis",,Nederlands,71,"1,66",Nee,Nee,Nee,Nee,Nee,3,5,Nee,5,5,5,5,5,1,5,5,5,5,5,3,4,5,3,2,4,3,5,3,4,5,4,3,5,3,3,3,1,3,3,2,3,1,2,4,1,1,3,3,2,3,3,4,3,3,3,2,2,4,3,3,4,3,5,3,2,4,1,3,2,3,2,5,4,3,2,3,3,2,2,3,
2023-12-21 12:31:42,2023-12-21 12:40:16,IP Address,104.28.30.74,100,514,True,2023-12-21 12:40:17,R_7JmuAvr37OX5mzD,,,,,52.3583,4.8488,anonymous,EN,50,19,vrouw,vrouw,Nederlands,Engels,,Nederlander,63,169,"Ja, wel gecorrigeerd",Nee,Nee,Nee,Nee,5,5,Nee,5,5,4,3,4,5,5,4,4,4,4,2,4,4,4,4,2,4,5,4,3,4,2,2,4,2,4,3,2,4,4,5,3,3,3,4,2,2,4,3,3,1,4,4,4,3,4,3,4,4,3,4,4,2,3,4,1,3,3,1,2,3,4,4,4,5,2,3,3,2,3,4,
2024-01-03 13:12:26,2024-01-03 13:21:08,IP Address,146.75.162.58,100,522,True,2024-01-03 13:21:09,R_22Gax3WtCO6ESoe,,,,,52.3824,4.8995,anonymous,EN,6_1,22,vrouw,non-binair,Nederlands,"Engels (vloeiend), Duits (basiskennis)",,Nederlands,48.5 KG,160 cm,Nee,Nee,Nee,Nee,Nee,7,7,Nee,5,5,4,5,3,5,5,3,5,4,3,3,5,5,3,3,1,4,5,2,4,5,2,2,4,2,5,1,1,2,2,5,5,2,4,5,1,1,5,3,4,1,2,4,3,2,5,1,2,4,2,5,4,2,4,4,1,5,1,2,3,1,1,5,3,1,2,5,4,2,2,5,
2024-01-03 13:10:49,2024-01-03 13:22:01,IP Address,104.28.30.74,100,672,True,2024-01-03 13:22:02,R_8PFXQebVxNytjO4,,,,,52.3583,4.8488,anonymous,EN,6-0,25,man,anders,Nederlands,"Engels C2, Frans B2, Duits misschien a2",,Nederlands,67,174,Nee,Nee,Nee,Nee,Nee,7,7,Ja,1,1,5,5,1,5,1,3,5,4,5,1,5,5,4,4,1,4,5,3,4,5,1,1,4,1,5,2,1,4,2,5,4,1,3,4,1,1,5,2,4,1,2,5,4,1,5,1,1,4,1,5,5,1,5,1,1,4,1,3,1,1,2,5,5,1,1,5,5,2,1,4,"Heel fijn hoe het gender neutral gepresenteerd werd met “diens lichaam” en dat soort dingen! 
Misschien wel een ding dat sommige concepten erg makkelijk en anderen juist super moeilijk waren om uit te beelden? Misschien lag dat aan mij "
2024-01-03 14:54:04,2024-01-03 14:59:36,IP Address,145.116.182.91,100,332,True,2024-01-03 14:59:37,R_6dEUoyq0daX9J3Q,,,,,51.8199,5.8715,anonymous,EN,7-1,21,vrouw,vrouw,Nederlands,Engels- basiskennis,,Nederlands,75,169,"Ja, wel gecorrigeerd",Ja,Nee,Nee,Nee,7,7,Ja,1,1,1,1,1,1,1,1,1,1,5,1,5,5,2,1,3,5,5,4,2,5,3,3,5,3,5,1,1,5,5,5,5,2,3,4,1,1,5,2,1,1,1,5,5,5,3,1,1,5,4,5,5,1,5,2,1,5,1,3,1,3,1,5,5,5,1,5,3,4,5,5,
2024-01-03 14:53:58,2024-01-03 15:01:03,IP Address,145.116.167.241,100,425,True,2024-01-03 15:01:04,R_2PbVgn9D5V9elGs,,,,,52.4115,5.8208,anonymous,EN,7-0,22,man,man,Nederlands,Engels (vloeiend),,Nederlands,"78,2",173cm,Nee,Nee,Nee,Nee,Nee,7,7,Nee,5,5,5,5,5,5,4,5,4,4,4,4,4,4,2,3,3,4,5,2,4,4,4,5,5,2,4,1,1,4,3,4,4,1,4,5,2,2,4,3,4,1,3,4,5,3,4,2,1,4,3,4,4,1,4,4,1,5,1,2,4,3,3,5,4,2,2,4,5,3,3,4,
2024-01-16 10:54:38,2024-01-16 11:04:46,IP Address,145.137.184.21,100,607,True,2024-01-16 11:04:46,R_8hosXYRUlR3OMOA,,,,,51.4898,5.4766,anonymous,EN,3_1,20,vrouw,vrouw,Nederlands,Engels (vloeiend),,Nederlands,"79,8",174,Nee,Nee,Nee,Nee,Nee,5,6,Nee,5,5,5,5,5,5,5,1,5,5,5,4,3,3,4,4,2,4,4,4,3,3,4,2,3,4,3,3,2,4,2,2,3,2,4,4,2,2,3,3,2,2,4,3,2,3,2,2,2,2,4,4,3,2,4,2,4,3,3,2,2,4,2,2,3,4,3,2,3,2,4,2,
2024-01-16 10:54:43,2024-01-16 11:05:16,IP Address,145.137.162.129,100,633,True,2024-01-16 11:05:17,R_3NQIfAAMwbCTRcH,,,,,51.8118,5.8578,anonymous,EN,3_0,21,vrouw,vrouw,Nederlands,Engels (vloeiend),,Nederlands,73.7,173,Nee,Nee,Nee,Nee,Nee,6,6,Nee,5,5,5,5,5,5,5,5,5,5,5,4,3,5,4,2,4,2,5,3,3,4,5,2,4,3,4,3,1,3,3,1,2,1,4,4,5,2,5,3,2,2,3,4,3,3,1,4,2,3,3,4,3,2,5,2,2,3,1,3,2,4,4,5,2,3,2,4,4,2,1,4,
2024-01-17 10:24:19,2024-01-17 10:37:29,IP Address,84.241.204.173,100,790,True,2024-01-17 10:37:30,R_4Jnp03dDtI4NSTd,,,,,51.8846,4.547,anonymous,EN,8_0,22,man,man,Nederlands,"Engels (vloeiend), duits (goede kennis), frans (basis)",,Nederlands,"70,3 kg","1,815 m",Nee,Nee,Nee,Nee,Nee,6,7,Nee,5,5,5,5,5,5,5,3,5,4,4,5,5,4,4,4,2,4,4,3,5,5,2,3,4,1,5,1,2,2,2,5,4,1,5,5,2,1,5,5,4,1,1,4,2,1,4,1,4,3,3,4,5,1,3,5,1,5,2,4,4,1,2,5,4,2,1,5,4,5,1,4,Jet is hot
2024-01-17 10:23:39,2024-01-17 10:40:50,IP Address,145.116.189.83,100,1030,True,2024-01-17 10:40:50,R_5fCAKPC8aHQfinX,,,,,51.8549,5.8193,anonymous,EN,8_1,20,vrouw,vrouw,Nederlands,"Engels vloeiend
Duits basis
Frans basis",,Nederlands,75,"181,5","Ja, wel gecorrigeerd",Nee,Nee,Nee,Nee,6,7,Nee,4,4,3,3,4,5,5,1,4,2,3,5,4,4,5,3,2,4,5,3,5,5,3,1,4,2,3,1,2,1,2,2,4,1,5,3,2,2,4,5,3,2,2,3,2,2,2,1,2,4,1,3,3,1,3,3,2,5,1,4,3,5,1,3,2,1,1,5,5,1,2,2,
2024-01-18 14:18:22,2024-01-18 14:28:13,IP Address,145.137.149.101,100,591,True,2024-01-18 14:28:14,R_79mDfYBYYvdgalT,,,,,51.8118,5.8578,anonymous,EN,9_1,22,vrouw,vrouw,Nederlands,"Engels (vloeiend)
Duits (basiskennis)
Frans (basiskennis)",,Nederlands,71,1.60,"Ja, niet gecorrigeerd",Nee,Nee,Nee,Nee,0,3,Nee,5,5,5,5,5,5,5,4,3,3,5,1,4,5,5,3,3,1,3,5,2,3,3,2,3,4,4,2,1,2,4,3,1,1,1,2,3,2,3,4,1,1,2,5,1,5,2,3,2,1,3,3,2,2,2,2,1,3,1,5,1,1,2,3,1,3,2,2,3,2,4,4,
2024-01-18 14:18:13,2024-01-18 14:28:45,IP Address,145.137.152.112,100,631,True,2024-01-18 14:28:45,R_1IYTInblJXvBveD,,,,,51.8339,5.8643,anonymous,EN,9_0,18,vrouw,vrouw,Nederlands,Engels (goede kennis),,Nederlands,"57,6",166,"Ja, wel gecorrigeerd",Nee,Nee,Nee,Nee,0,5,Nee,5,5,5,5,5,5,5,5,5,5,4,3,4,5,2,3,2,3,5,2,2,3,3,2,5,3,3,2,1,4,4,3,3,1,2,5,2,2,4,3,3,1,4,2,5,4,3,4,2,3,3,4,4,1,3,3,2,4,1,1,2,1,4,5,3,3,2,4,5,4,3,4,
2024-01-18 16:24:09,2024-01-18 16:33:38,IP Address,145.137.187.11,100,568,True,2024-01-18 16:33:38,R_2illtKIqROsyYdm,,,,,51.8339,5.8643,anonymous,EN,10_1,19,vrouw,vrouw,Nederlands,Engels ( vloeiend) duits ( basiskennis),,Nederlands,"61,2",170,Nee,Nee,Nee,Nee,Nee,6,6,Nee,5,5,4,5,3,3,3,5,4,3,3,3,4,4,4,2,2,4,4,2,4,5,4,1,5,2,4,3,1,4,4,3,3,1,2,2,1,2,3,3,4,2,3,4,4,5,3,2,1,4,3,4,4,3,3,4,2,4,2,2,2,2,2,5,4,2,3,5,4,2,2,5,Het was duidelijk en leuk om aan mee te doen
2024-01-18 16:25:15,2024-01-18 16:35:26,IP Address,77.63.26.27,100,611,True,2024-01-18 16:35:27,R_23bOg43YDVJ6Wqd,,,,,52.0746,4.5209,anonymous,EN,10_0,20,vrouw,vrouw,"Nederlands ","Engels (goede kennis) ",,Nederlands,82,181,Nee,Nee,Nee,Nee,Nee,6,7,Nee,5,5,5,5,5,5,5,2,5,5,4,2,4,4,3,2,1,5,4,3,3,3,3,2,5,3,5,3,2,3,4,5,3,1,2,5,3,1,3,3,4,1,4,3,3,4,5,3,2,3,3,5,4,3,4,4,1,3,1,3,3,5,3,3,4,3,2,4,3,3,2,5,
2024-01-19 15:15:29,2024-01-19 15:27:40,IP Address,145.137.170.191,100,730,True,2024-01-19 15:27:40,R_5CjQyGNyT4Gt9NA,,,,,51.8441,5.8844,anonymous,EN,11_1,18,vrouw,vrouw,Nederlands,"Engels (vloeiend), Duits (basiskennis), Frans (basiskennis), Spaans (basiskennis), Koreaans (basiskennis)",,Nederlands,59.8,"1,60","Ja, wel gecorrigeerd",Nee,Nee,Nee,Nee,6,5,Nee,5,5,4,5,4,4,5,5,5,3,5,1,3,5,2,3,2,2,5,3,2,4,3,2,5,4,3,3,1,4,4,5,2,1,2,3,2,4,5,3,2,3,4,4,4,5,3,2,3,5,4,5,4,3,4,2,2,3,2,2,2,2,5,4,4,4,3,3,4,2,4,3,
2024-01-19 15:15:40,2024-01-19 15:28:38,IP Address,145.137.185.46,100,777,True,2024-01-19 15:28:38,R_2atrVfpIvwKg3Fd,,,,,51.8513,5.8638,anonymous,EN,11_0,18,vrouw,vrouw,Nederlands,"Engels (vloeiend)
Duits (basiskennis)
Frans (basiskennis)
Japans (weinig basiskennis)",,Nederlands,54.2,165,Nee,Nee,Nee,Nee,Nee,7,7,Nee,5,5,5,5,5,3,5,4,5,5,5,2,4,4,4,3,1,5,5,4,4,5,2,2,4,2,4,2,1,2,4,4,5,2,5,4,1,2,3,3,2,2,4,3,2,4,4,2,2,4,3,5,2,3,3,3,1,4,4,4,1,2,2,4,5,2,2,3,3,2,3,4,Leuk experiment!
2024-01-22 12:44:38,2024-01-22 12:51:03,IP Address,84.241.207.198,100,385,True,2024-01-22 12:51:04,R_5kcvD8Uvv4cqrs1,,,,,51.8883,4.4825,anonymous,EN,12_0,18,vrouw,vrouw,"Nederlands ","Engels, Duits, Frans ",,"Nederlands ",65,"1,69",Nee,Nee,Nee,Nee,Nee,0,4,Nee,5,5,4,5,3,5,5,4,4,4,5,4,3,4,2,2,2,2,4,2,2,3,2,2,3,2,3,2,1,2,3,3,3,1,3,3,3,1,4,3,3,1,4,3,2,3,3,2,1,2,2,3,3,2,4,3,5,3,2,2,3,2,3,4,2,3,2,4,5,2,4,3,
2024-01-22 12:46:14,2024-01-22 12:54:14,IP Address,89.205.226.136,100,480,True,2024-01-22 12:54:15,R_8VP94TOrWbb4pP7,,,,,51.9083,4.5016,anonymous,EN,12_1,27,man,man,Nederlands,Engels vloeiend,,Nederlands,"81,5",181,"Ja, wel gecorrigeerd",Nee,Nee,Nee,Nee,0,5,Nee,5,5,5,5,5,5,5,5,5,5,5,5,5,5,3,3,5,4,4,3,2,2,3,3,4,2,3,3,1,4,3,1,4,3,3,5,1,2,4,3,3,1,4,5,4,3,1,2,3,5,3,5,3,2,5,4,1,3,1,1,3,2,2,2,4,4,1,1,4,1,2,4,
2024-01-23 17:31:12,2024-01-23 17:41:17,IP Address,89.205.133.63,100,605,True,2024-01-23 17:41:17,R_8Bht4w8tTTQjj2l,,,,,52.3795,4.8777,anonymous,EN,13_0,21,vrouw,vrouw,Nederlands,"Engels (vloeiend)
Hebreeuws (basiskennis)",,Nederlands,"58,5",167 cm,Nee,Nee,Nee,Nee,Nee,6,7,Nee,5,5,5,5,5,5,5,5,5,5,5,5,4,5,3,3,1,2,5,4,4,5,5,1,4,2,4,1,1,2,4,5,3,1,4,5,3,1,5,3,3,2,2,5,3,4,5,2,1,2,1,5,4,1,5,4,3,4,1,4,3,1,3,5,4,3,2,3,5,2,2,4,
2024-01-23 17:30:57,2024-01-23 17:41:22,IP Address,145.101.108.131,100,624,True,2024-01-23 17:41:22,R_5dToZ4HlwtzSR9v,,,,,51.816,5.8122,anonymous,EN,13_1,21,vrouw,vrouw,Nederlands,Engels vloeiend,,Nederlands,61,166,Nee,Nee,Nee,Nee,Nee,6,7,Nee,5,5,4,5,4,4,5,4,5,4,4,4,4,5,2,3,4,4,5,2,3,5,3,3,4,3,5,1,1,5,4,2,4,3,2,3,2,1,4,2,2,1,2,4,3,4,3,1,2,4,3,4,3,4,4,3,1,5,1,3,4,4,2,4,4,3,3,4,3,2,4,5,Misschien kijken naar de woord groepen omdat we een keer hadden dat er veel smaaksoorten kwamen in een ronde. Waardoor ik als rader dacht dat dat een hint was en daardoor mijn antwoorden heeft beinvloed
2024-01-29 12:59:25,2024-01-29 13:10:31,IP Address,145.137.147.186,100,665,True,2024-01-29 13:10:32,R_4MxjmjWK67X0M8T,,,,,52.3462,6.8541,anonymous,EN,14_0,20,vrouw,vrouw,"Nederlands ",Engels vloeiend,,Nederlandse,69.1,1.69,Nee,Nee,Nee,Nee,Nee,6,6,Nee,5,4,3,5,4,4,3,4,5,3,4,3,4,4,3,3,2,3,4,3,3,5,2,2,4,2,4,2,1,4,4,5,3,1,2,4,2,1,4,2,2,1,3,3,4,4,3,3,1,3,2,4,3,2,4,3,2,3,2,2,1,2,3,4,4,2,3,4,4,2,3,4,
2024-01-29 12:59:28,2024-01-29 13:15:33,IP Address,145.116.154.225,100,964,True,2024-01-29 13:15:34,R_2aFYrlovULauech,,,,,51.838,5.8299,anonymous,EN,14_1,19,man,man,Nederlands,"Engels (vloeiend)
Frans (basiskennis)
Duits (basiskennis)",,Nederlands,"84,3","1,81",Nee,Nee,Nee,Nee,Nee,5,5,Nee,5,5,5,5,5,5,5,5,5,5,5,5,4,4,4,2,3,4,4,3,3,4,4,2,4,2,2,1,2,2,4,3,4,2,4,3,2,2,4,3,3,4,1,4,2,4,2,2,2,1,3,4,4,3,3,4,2,5,2,4,2,4,2,4,3,2,2,4,3,4,2,2,
2024-01-30 12:02:58,2024-01-30 12:17:10,IP Address,145.137.160.235,100,851,True,2024-01-30 12:17:11,R_4rGiqw0FW6GPVCW,,,,,51.8405,5.8412,anonymous,EN,15_0,19,vrouw,vrouw,Nederlands,"Duits basis
Engels vloeiend ",,Nederlands,85,174,Nee,Ja,Nee,Nee,Nee,4,7,Nee,5,5,5,5,5,5,5,5,5,5,5,3,4,4,4,1,2,4,5,2,3,5,2,3,4,2,4,4,1,5,1,4,3,2,4,4,1,2,4,4,2,2,2,4,4,5,4,1,4,4,2,5,4,3,4,4,1,5,1,4,4,1,3,4,5,2,1,5,4,2,4,5,
2024-01-30 12:03:12,2024-01-30 12:17:15,IP Address,145.137.171.43,100,843,True,2024-01-30 12:17:16,R_22kqxmMgL12fnwt,,,,,51.8441,5.8844,anonymous,EN,15_1,19,vrouw,vrouw,Nederlands,"Engels: vloeiend
Duits: vloeiend",,Nederlands/Duits,68.2,176,Nee,Nee,Nee,Nee,Nee,5,6,Nee,5,5,4,5,5,5,5,5,5,5,5,5,4,5,2,1,3,3,5,1,2,4,3,3,4,2,5,4,1,5,5,4,4,2,2,4,1,1,5,3,2,2,4,5,5,5,5,3,1,4,3,5,3,2,4,2,2,5,2,1,2,3,2,5,5,3,2,4,5,2,5,3,
2024-02-01 17:00:00,2024-02-01 17:09:31,IP Address,172.225.253.135,100,571,True,2024-02-01 17:09:32,R_4c5gQ2l8SrIgpBH,,,,,52.3759,4.8975,anonymous,EN,P16_0,20,man,man,"Nederlands, Marokkaans ","Engels, Frans",,Marokkaans,"60,6",170,Nee,Nee,Nee,Nee,Nee,7,7,Nee,5,5,5,5,5,5,5,5,5,5,5,4,5,4,2,3,2,3,4,2,3,2,2,2,4,2,2,2,2,4,5,4,2,1,2,4,3,2,4,3,4,2,2,5,5,2,2,2,1,4,1,3,5,2,4,4,2,4,2,1,3,4,3,5,5,2,3,5,5,2,2,5,"so naar jet "
2024-02-01 16:59:50,2024-02-01 17:11:08,IP Address,145.116.163.70,100,677,True,2024-02-01 17:11:09,R_1ZwwWfdEK8OaO1H,,,,,51.8486,5.8508,anonymous,EN,P16_0,20,man,man,Nederlands,"Engels (goede kennis) 
Duits (basis kennis)",,Nederlands,73,182,"Ja, wel gecorrigeerd",Nee,Nee,Nee,Nee,3,6,Ja,1,1,2,3,2,2,1,3,3,3,2,3,4,4,3,3,2,3,4,2,5,3,3,2,4,2,3,4,1,4,3,4,2,1,2,3,3,2,4,2,4,2,3,4,4,2,4,3,2,4,2,4,3,2,4,4,2,3,2,2,4,2,4,3,4,2,2,3,3,2,4,2,
2024-02-05 12:20:12,2024-02-05 12:29:49,IP Address,84.241.192.55,100,577,True,2024-02-05 12:29:50,R_1Dr5G3LvIIouTjN,,,,,52.3543,4.8951,anonymous,EN,17-0,26,vrouw,vrouw,"Engels, Nederlands","Spaans, Duits, Frans ",,Nederlands,66.7 ty,172,"Ja, wel gecorrigeerd",Nee,Nee,Nee,Nee,0,7,Nee,5,5,5,5,5,4,5,3,5,4,5,3,5,4,2,3,1,2,4,3,5,5,2,3,4,2,3,1,1,3,5,5,4,1,4,5,1,2,4,4,4,2,1,5,3,4,4,1,2,5,2,4,5,2,4,4,2,5,2,1,3,2,3,4,5,2,1,4,4,2,1,3,
2024-02-05 12:20:17,2024-02-05 12:32:24,IP Address,145.116.144.108,100,727,True,2024-02-05 12:32:25,R_1Y9vL8eDBzVGDx6,,,,,51.8118,5.8578,anonymous,EN,17-1,19,man,man,Nederlands,"Engels (vloeiend), Duits (basiskennis), Frans (basiskennis), Noors (basiskennis)",,Nederlands,"65,8","1,80","Ja, wel gecorrigeerd",Nee,Nee,Nee,Nee,0,6,Nee,5,5,4,5,4,5,5,1,5,3,5,3,2,4,3,2,1,2,5,4,3,4,4,2,4,4,4,5,1,2,4,4,2,2,5,2,1,5,3,3,2,1,5,4,2,4,4,2,2,2,4,5,2,4,2,2,1,2,2,4,3,1,5,5,2,4,1,2,2,3,3,4,
2024-02-05 14:37:30,2024-02-05 14:44:25,IP Address,109.37.154.151,100,414,True,2024-02-05 14:44:26,R_2Nf4FSrhIJE09r8,,,,,52.1617,5.3711,anonymous,EN,18_1,22,vrouw,vrouw,Nederlands,"Engels: vloeiend
Duits: basiskennis
Frans: basiskennis",,Nederlands,61,171,Nee,Nee,Nee,Nee,Nee,1,6,Nee,5,5,5,5,5,5,5,5,5,5,5,3,4,5,4,2,2,3,5,2,3,4,3,2,4,4,4,3,1,4,5,4,3,2,3,3,1,2,3,4,1,2,4,5,2,5,4,2,2,3,4,5,3,2,4,2,1,2,2,3,2,2,3,4,4,4,1,4,4,2,4,3,-
2024-02-05 14:37:14,2024-02-05 14:44:56,IP Address,145.116.144.153,100,461,True,2024-02-05 14:44:57,R_5EEFlovKkOzMnu6,,,,,51.8118,5.8578,anonymous,EN,18_0,20,vrouw,vrouw,"Nederlands ","Engels (vloeiend) Frans (basiskennis) Spaans (basiskennis) ",,"Nederlands ",60 KG,"160 cm ",Nee,Nee,Nee,Nee,Nee,1,5,Nee,5,5,4,5,5,5,3,5,5,4,5,4,5,5,2,1,2,2,5,3,4,5,4,2,4,3,4,1,1,4,5,5,2,1,3,3,2,2,5,4,1,2,1,1,4,5,5,4,1,4,5,5,4,1,4,2,1,5,1,1,1,1,3,4,4,3,4,5,5,2,4,4,
2024-02-07 11:42:19,2024-02-07 11:51:14,IP Address,145.116.146.33,100,534,True,2024-02-07 11:51:15,R_80oaUZwifVRp613,,,,,51.8421,5.8593,anonymous,EN,19-7,21,vrouw,vrouw,Nederlands,"Engels (vloeiend), Duits (basiskennis)",,Nederlands,60,"1,67",Nee,Nee,Nee,Nee,Nee,0,5,Nee,5,5,5,5,5,5,5,5,5,5,5,1,5,5,4,3,2,3,4,3,5,5,3,2,5,2,4,1,3,3,4,4,5,1,2,5,2,1,4,2,2,1,2,4,4,4,4,2,1,5,2,5,5,2,4,3,1,4,1,3,2,1,2,4,4,3,1,5,4,1,2,5,
2024-02-07 11:42:34,2024-02-07 11:52:23,IP Address,145.137.146.104,100,589,True,2024-02-07 11:52:23,R_2DqOockKyvMAC2n,,,,,51.8421,5.8593,anonymous,EN,19.0,19,vrouw,vrouw,Nederlands,"Engels (vloeiend) Duits (basiskennis) ",,"Nederlands ",78.6,175,Nee,Nee,Nee,Nee,Nee,1,7,Ja,1,1,1,1,1,1,1,1,1,1,5,1,5,4,4,4,4,5,5,4,3,4,4,2,5,3,4,2,1,2,4,5,4,2,2,4,3,2,3,4,2,2,4,4,4,4,3,3,2,4,4,4,4,4,5,3,1,4,4,2,3,4,2,4,4,4,3,4,4,4,4,4,
2024-02-07 14:28:04,2024-02-07 14:36:58,IP Address,89.205.135.195,100,533,True,2024-02-07 14:36:59,R_6grhmv8zH3sQYU1,,,,,51.9601,5.8659,anonymous,EN,20_1,20,vrouw,vrouw,Nederlands,"engels, goede kennis, spaans, basiskennis",,Nederlands,62.2,"1,63",Nee,Nee,Nee,Nee,Nee,7,7,Nee,5,5,4,5,5,5,5,5,5,5,4,5,4,4,4,2,2,5,5,2,4,5,5,1,4,1,3,1,1,3,4,3,1,1,3,4,2,1,5,2,3,2,3,5,4,4,2,2,1,4,2,4,3,2,4,4,1,4,1,1,4,4,4,5,4,2,4,5,4,3,1,3,
2024-02-07 14:28:10,2024-02-07 14:39:21,IP Address,145.116.145.130,100,671,True,2024-02-07 14:39:22,R_59jpEOG9bTMdsWd,,,,,51.8118,5.8578,anonymous,EN,20_0,18,vrouw,vrouw,Nederlands,Engels (vloeiend),,Nederlands,67,171,"Ja, wel gecorrigeerd",Nee,Nee,Nee,Nee,7,7,Nee,5,5,5,5,4,5,5,4,5,3,4,4,5,5,3,1,3,1,5,2,5,5,4,2,4,1,5,1,1,3,4,2,5,1,4,4,2,1,5,2,4,1,2,5,3,4,2,1,2,3,1,3,5,1,5,5,1,5,1,3,2,1,2,5,2,2,1,5,5,3,2,5,
2024-02-19 12:35:22,2024-02-19 12:52:06,IP Address,145.116.152.38,100,1003,True,2024-02-19 12:52:06,R_207C3QoOf726lXj,,,,,51.7285,5.8849,anonymous,EN,21_1,24,vrouw,vrouw,Nederlands,"Engels (goede kennis), Frans (basiskennis)",,Nederlands,65,171,Nee,Nee,Nee,Nee,Nee,1,5,Ja,1,1,1,1,5,1,1,1,1,1,1,3,4,4,2,3,3,4,5,3,4,5,1,2,4,2,3,2,1,4,3,3,2,1,2,4,2,1,4,1,2,2,2,4,4,2,2,3,2,4,2,4,4,1,4,4,2,5,1,2,4,3,3,4,4,1,3,4,4,1,3,2,
2024-02-19 12:37:56,2024-02-19 12:56:04,IP Address,145.137.154.6,100,1087,True,2024-02-19 12:56:04,R_2RP2D3UyBNdCL9q,,,,,51.7875,5.9312,anonymous,EN,21_o,18,vrouw,vrouw,Nederlands,"Engels (vloeiend), Duits (bijna vloeiend), Frans (basiskennis)",,Nederlands,"64,2",174,"Ja, wel gecorrigeerd",Nee,Nee,Nee,Nee,0,5,Ja,1,1,5,3,5,5,5,3,2,2,5,3,3,5,3,2,5,4,5,3,2,4,3,2,5,4,4,4,1,4,5,4,5,4,4,3,2,4,2,3,2,3,5,4,4,4,2,3,2,5,4,5,3,4,5,3,2,4,2,2,2,3,1,4,5,4,3,3,2,2,4,4,
2024-02-19 14:44:40,2024-02-19 14:52:19,IP Address,109.37.137.145,100,458,True,2024-02-19 14:52:19,R_2R3HxIqMOBTcLNx,,,,,52.0874,5.1168,anonymous,EN,22_0,22,vrouw,vrouw,Nederlands,"Engels (vloeiend), duits(basiskennis)",,Nederlands,90,"182 ",Nee,Nee,Nee,Nee,Nee,2,4,Nee,5,5,5,5,5,4,5,5,5,5,5,2,3,4,5,3,3,2,5,4,4,5,2,2,5,4,4,5,1,1,5,3,4,2,4,3,1,3,5,4,3,3,5,5,2,5,3,2,5,2,4,5,3,1,4,4,1,2,4,4,1,2,2,5,1,2,2,2,5,4,3,3,
2024-02-19 14:44:48,2024-02-19 14:52:52,IP Address,104.28.30.74,100,483,True,2024-02-19 14:52:52,R_1riUW5pQIfMog4b,,,,,52.3294,4.8739,anonymous,EN,22_1,20,vrouw,vrouw,Nederlands,Engels (vloeiend),,Nederlands,75,173,Nee,Nee,Nee,Nee,Nee,0,7,Nee,5,5,4,5,4,5,3,2,4,3,4,2,4,5,2,2,3,4,5,3,2,5,3,2,4,4,4,3,1,4,5,3,2,1,4,2,1,2,4,2,2,2,4,4,4,5,2,2,2,2,3,4,3,2,3,2,2,4,1,3,2,1,3,2,2,4,4,4,5,2,4,2,
2024-02-20 13:52:50,2024-02-20 14:05:52,IP Address,145.137.180.211,100,781,True,2024-02-20 14:05:53,R_1DRfyLGNfOcA4QV,,,,,51.9276,5.9843,anonymous,EN,23_1,19,vrouw,vrouw,Nederlands,"Engels(vloeiend) ",,Nederlands,65,164cm,Nee,Nee,Nee,Nee,Nee,6,6,Nee,5,5,5,5,5,5,5,5,5,5,5,5,5,4,4,2,2,4,5,5,4,3,4,2,3,2,3,5,1,3,5,3,4,1,5,5,1,1,4,4,4,2,2,3,2,4,4,1,2,3,2,4,5,1,4,4,1,5,1,2,2,2,2,5,4,1,2,4,4,3,2,3,
2024-02-20 13:53:13,2024-02-20 14:05:55,IP Address,145.137.181.22,100,761,True,2024-02-20 14:05:55,R_2DtZGOraevrWamP,,,,,51.9276,5.9843,anonymous,EN,23_0,20,vrouw,vrouw,Nederlands,"Engels (goede kennis) ",,"Nederlands ",50,170,Nee,Nee,Nee,Nee,Nee,6,6,Nee,5,5,5,5,5,5,5,5,5,5,5,4,4,5,4,2,3,2,5,5,4,4,4,2,4,4,3,4,1,3,4,4,2,2,5,4,1,2,4,3,4,3,4,3,2,4,2,2,3,3,2,5,3,2,4,5,2,4,2,2,1,1,4,3,2,3,1,2,4,4,1,2,
2024-02-20 16:19:26,2024-02-20 16:29:08,IP Address,84.241.200.205,100,581,True,2024-02-20 16:29:08,R_4ViLtwjl0jS24Fj,,,,,51.9281,4.5052,anonymous,EN,24_1,20,vrouw,vrouw,Nederlands,Engels goede kennis,,Nederlands,63,173,Nee,Ja,Nee,Nee,Nee,7,7,Nee,5,5,5,5,5,1,5,5,5,5,5,1,5,5,3,2,1,3,5,2,3,4,4,1,4,2,4,2,1,3,2,4,3,1,2,4,1,1,3,2,2,1,5,4,3,4,5,2,1,3,3,5,3,1,3,3,1,4,1,2,1,1,3,3,4,3,1,5,4,1,3,4,
2024-02-20 16:19:29,2024-02-20 16:30:40,IP Address,104.28.30.75,100,670,True,2024-02-20 16:30:41,R_15WnkSgKtLiGZUg,,,,,52.3294,4.8739,anonymous,EN,24_0,19,vrouw,vrouw,Nederlands,"Engels (vloeiend), Duits (basiskennis)",,Nederlands,"56,5",163,"Ja, wel gecorrigeerd",Nee,Nee,Nee,Nee,7,7,Nee,5,5,5,5,3,5,4,3,3,3,5,1,5,5,2,3,2,4,5,1,2,5,2,1,4,2,3,1,1,3,2,4,3,1,2,4,1,1,5,2,3,3,2,4,3,2,4,3,1,3,2,5,4,1,5,3,2,5,1,1,4,1,2,4,3,2,2,4,4,1,2,3,
2024-02-21 10:28:24,2024-02-21 10:38:12,IP Address,145.137.143.222,100,588,True,2024-02-21 10:38:13,R_3IaTnWujyf0AnyY,,,,,51.8149,5.8171,anonymous,EN,25_0,22,vrouw,vrouw,Nederlands,Engels (goede kennis),,Nederlands,73,170,Nee,Nee,Nee,Nee,Nee,6,7,Nee,5,5,5,5,5,3,5,4,5,4,4,3,5,5,2,3,1,4,4,2,4,5,1,2,5,3,5,1,1,4,4,5,5,1,3,4,1,1,2,1,3,1,2,4,5,4,5,2,2,3,4,5,4,2,4,3,1,4,1,1,2,1,2,4,3,4,1,4,3,1,3,5,
2024-02-21 10:28:36,2024-02-21 10:39:53,IP Address,145.137.158.183,100,677,True,2024-02-21 10:39:54,R_7EA0P8BjRRC7Gic,,,,,51.8287,5.835,anonymous,EN,25_1,20,vrouw,vrouw,Nederlands,"Engels (goede kennis), Frans (basiskennis)",,Nederlands,"74,3","1,75",Nee,Nee,Nee,Nee,Nee,6,6,Nee,5,5,4,5,4,5,4,4,4,4,4,3,4,5,2,1,3,4,4,3,2,4,2,2,5,3,4,2,1,4,4,3,4,2,4,4,3,2,3,2,2,2,4,4,4,5,3,2,3,4,3,4,3,3,4,3,3,4,2,3,2,3,3,4,4,3,3,4,4,2,4,4,
2024-02-21 12:42:02,2024-02-21 12:51:56,IP Address,145.137.189.16,100,594,True,2024-02-21 12:51:57,R_4h5Zf3QLxPOa8gN,,,,,51.8199,5.8715,anonymous,EN,26_1,22,vrouw,vrouw,nederlands,"engels vloeiend, duits gemiddeld, italiaans beginnend (a2) frans basiskennis & limburgs dialect ",,"nederlands, europees",63.5,174,Nee,Nee,Nee,Ja,Nee,0,6,Nee,5,5,5,5,4,5,5,5,5,4,5,5,4,5,2,3,1,3,3,3,2,4,2,2,3,2,4,4,2,4,3,5,1,1,3,5,1,2,3,3,2,1,4,3,3,3,5,2,4,3,3,5,3,3,2,3,1,3,4,1,2,3,4,3,3,5,2,1,2,3,2,3,ik vond het moeilijk om de geluiden in mijn hoofd ook echt goed te recreeeren met mijn eigen stem
2024-02-21 12:42:01,2024-02-21 12:52:01,IP Address,77.63.46.13,100,600,True,2024-02-21 12:52:02,R_611bqpWiMxottZG,,,,,52.0218,4.7004,anonymous,EN,26_0,19,vrouw,vrouw,Nederlands en engels,Klein beetje Frans en duits,,Nederlands,75,175,"Ja, wel gecorrigeerd",Nee,Nee,Nee,Nee,0,5,Nee,5,5,4,4,4,5,4,3,4,3,4,3,3,5,4,3,2,2,4,3,3,4,3,2,3,3,4,2,1,2,3,4,2,2,4,4,2,2,4,4,2,3,3,4,2,3,4,2,3,3,3,3,3,1,4,3,2,4,1,4,4,2,3,4,4,2,1,3,4,4,3,2,Het erg lastig is de woorden weg te laten omdat dat het eerste is wat in je op komt en om het geluid wat in je opkomt ook echt na te kunnen maken
2024-02-22 14:50:19,2024-02-22 15:00:53,IP Address,145.137.150.232,100,633,True,2024-02-22 15:00:53,R_1LdmHVmFYi3HvfH,,,,,52.1381,6.1979,anonymous,EN,27_1,18,vrouw,vrouw,Nederlands en Grieks,Engels (vloeiend ),,"Nederlands, Grieks ",60.5,1.60,"Ja, wel gecorrigeerd",Nee,Nee,Nee,Nee,6,7,Nee,5,5,5,5,5,5,5,1,5,5,5,1,5,5,2,5,4,3,5,3,4,4,4,2,4,2,4,2,1,4,5,3,4,2,2,5,2,2,3,2,4,2,2,5,3,2,2,2,1,4,2,3,3,2,5,4,2,3,1,2,2,4,3,4,4,2,3,4,4,1,2,4,
2024-02-22 14:49:37,2024-02-22 15:03:00,IP Address,145.116.182.131,100,802,True,2024-02-22 15:03:00,R_3k1ilUsZfUtC8MY,,,,,51.8761,5.842,anonymous,EN,27_0,20,vrouw,vrouw,Nederlands,"Frans: basis
Engels: goed
Duits: goed",,"Nederlands ","66,4",181,Nee,Nee,Nee,Nee,Nee,5,6,Ja,5,5,4,5,3,5,5,5,5,3,5,5,3,4,3,2,2,2,4,4,4,5,2,2,4,3,4,3,1,4,4,4,2,2,4,3,2,3,4,2,3,2,4,4,4,4,4,3,2,2,4,4,3,2,4,4,1,4,1,3,2,2,3,4,5,4,2,3,4,1,3,3,
2024-02-23 12:25:45,2024-02-23 12:35:42,IP Address,145.116.165.71,100,596,True,2024-02-23 12:35:43,R_4uR38VWOdv78jb4,,,,,51.8421,5.8593,anonymous,EN,28_1,22,man,man,Nederlands,"Engels (vloeiend), Frans (basiskennis)",,Nederlands,85,85,Nee,Nee,Nee,Nee,Nee,0,4,Nee,5,5,5,5,4,4,4,3,5,5,5,3,5,4,5,3,2,2,5,4,2,5,3,2,4,2,4,2,1,2,1,4,2,1,4,5,1,1,4,4,4,1,2,2,1,4,4,1,2,3,1,4,4,1,2,4,1,4,2,1,2,1,3,4,3,2,1,3,4,4,2,4,
2024-02-23 12:26:07,2024-02-23 12:36:07,IP Address,145.137.167.25,100,600,True,2024-02-23 12:36:08,R_1PsVgPN2H9c0s1g,,,,,51.8339,5.8643,anonymous,EN,28_0,19,vrouw,vrouw,"Nederlands ",Engels (goede kennis),,"Nederlands ",51.6,1.60 m,"Ja, wel gecorrigeerd",Nee,Nee,Nee,Nee,1,5,Nee,5,5,5,5,5,1,5,5,5,5,5,1,4,4,5,4,1,3,5,5,3,3,3,2,4,4,4,3,1,1,1,5,2,1,5,4,4,2,4,5,4,2,4,3,2,1,4,3,2,2,1,3,3,2,3,3,1,3,1,3,4,2,4,5,2,2,1,3,4,3,2,4,
2024-02-26 14:27:26,2024-02-26 14:35:15,IP Address,145.137.148.147,100,468,True,2024-02-26 14:35:16,R_7LbfuM7YKbvklUJ,,,,,51.8405,5.8412,anonymous,EN,29_1,20,vrouw,vrouw,"Nederlands ","Frans (middel kennis), Engels (vloeiend), Duits (basis) ",,"Nederlands ","85,9","1,74",Nee,Nee,Nee,Nee,Nee,6,7,Nee,5,5,5,5,5,5,5,5,5,5,5,4,4,5,1,2,1,4,5,2,4,5,1,1,5,3,3,2,1,4,5,4,5,1,1,3,1,2,4,2,2,1,4,4,5,5,4,1,2,4,4,5,3,2,5,2,1,4,4,1,2,1,2,5,5,4,2,3,3,1,3,4,
2024-02-26 14:24:59,2024-02-26 14:37:35,IP Address,145.116.158.89,100,756,True,2024-02-26 14:37:35,R_2JmYX5zko2fVmy5,,,,,52.3846,6.2799,anonymous,EN,29_0,21,vrouw,vrouw,Nederlands,"Engels (vloeiend), Fries (goede kennis)",,Nederlands,"63,3",163,"Ja, wel gecorrigeerd",Ja,Nee,Nee,Nee,7,7,Ja,1,1,5,5,2,5,2,3,5,5,5,2,5,5,3,1,1,5,5,2,4,5,3,2,5,1,5,3,1,5,5,5,3,1,2,3,1,1,4,2,3,1,4,5,4,4,5,4,1,3,3,5,4,2,4,4,1,4,1,2,2,1,3,5,5,1,2,5,4,3,4,5,
2024-02-28 12:24:26,2024-02-28 12:31:32,IP Address,77.63.54.3,100,425,True,2024-02-28 12:31:32,R_5lDKaO1xzLPIVih,,,,,52.095,5.0099,anonymous,EN,30_1,18,vrouw,vrouw,Nederlands,"Engels (vloeiend)
Duits (basiskennis)",,Nederlands,89,1.87,Nee,Nee,Nee,Nee,Nee,6,7,Nee,5,5,3,5,4,5,5,5,5,4,4,1,5,5,3,3,5,5,4,1,4,3,3,2,4,1,5,1,1,4,3,1,4,1,2,3,2,1,3,2,4,1,2,5,5,3,2,1,1,4,1,5,4,4,4,1,1,5,2,1,4,1,1,4,5,1,3,4,3,3,1,5,
2024-02-28 12:24:37,2024-02-28 12:32:10,IP Address,145.137.140.204,100,453,True,2024-02-28 12:32:11,R_6hYxMjJVmg3Jz8c,,,,,51.8149,5.8171,anonymous,EN,30_0,20,vrouw,vrouw,Nederlands,"Engels (vloeiend), Duits (basis)",,"Nederlands ","53,9","53,4 ","Ja, wel gecorrigeerd",Nee,Nee,Nee,Nee,7,7,Ja,1,1,5,1,1,1,1,1,1,1,5,5,4,5,1,1,1,1,5,5,5,3,2,2,5,2,2,2,2,2,2,2,2,2,2,5,2,2,2,2,3,2,2,5,5,5,2,2,2,5,2,5,3,2,5,3,2,5,2,3,2,3,3,5,4,3,1,2,3,3,3,3,Ik vind het echt een leuk experiment !
2024-02-29 16:12:28,2024-02-29 16:21:47,IP Address,145.137.182.242,100,559,True,2024-02-29 16:21:48,R_1JlNUQ5mxWfNxtA,,,,,51.8118,5.8578,anonymous,EN,31_1,19,man,man,Nederlands,"Engels vloeiend, Duits basis",,Nederlands,71 kilo,190,Nee,Nee,Nee,Nee,Nee,6,6,Nee,5,5,4,5,5,5,5,5,5,5,5,2,4,5,2,5,4,4,5,3,5,5,3,2,5,1,4,2,2,4,2,3,5,2,2,5,2,2,4,2,5,3,3,4,4,2,3,2,2,4,2,4,4,4,5,5,1,4,3,2,4,4,2,4,5,2,3,4,4,2,2,3,
2024-02-29 16:12:32,2024-02-29 16:22:43,IP Address,145.137.181.189,100,610,True,2024-02-29 16:22:44,R_4g5udST81vZwiZi,,,,,51.9276,5.9843,anonymous,EN,31_0,19,man,man,Nederlands,"Engels (vloeiend), Spaans (basiskennis), Frans (basiskennis), Duits (basiskennis) ",,Nederlands,78 kg,183,Nee,Nee,Nee,Nee,Nee,6,6,Nee,5,5,5,5,5,5,5,5,5,4,4,4,3,4,2,3,5,3,5,4,4,4,2,2,4,2,2,3,1,5,4,1,1,1,3,3,4,2,4,1,4,4,4,5,4,2,1,3,2,5,1,2,4,2,4,3,4,4,1,3,3,1,4,4,5,1,3,4,5,2,1,3,
2024-03-01 10:15:23,2024-03-01 10:25:57,IP Address,145.116.154.224,100,633,True,2024-03-01 10:25:58,R_5p5rZbRwRCDG0IV,,,,,51.8385,5.8731,anonymous,EN,32,20,vrouw,vrouw,Nederlands,Engels (vloeiend) Frans basiskennis,,Nederlands,"63,2","171,5",Nee,Nee,Nee,Nee,Nee,4,4,Nee,5,5,3,5,4,5,3,5,5,4,4,3,3,3,2,3,4,3,4,4,2,2,3,3,3,2,3,4,3,4,4,3,3,2,2,4,4,3,2,2,4,2,4,2,4,3,4,2,2,4,2,2,3,3,4,4,3,2,3,1,2,2,3,3,4,2,2,2,2,2,2,2,
2024-03-01 10:15:48,2024-03-01 10:41:22,IP Address,145.116.173.243,100,1533,True,2024-03-01 10:41:22,R_60pgkVkq3FC9MPr,,,,,51.8421,5.8593,anonymous,EN,192586,20,vrouw,vrouw,Nederlands,"Engels (vloeiend), Frans (basiskennis), Duits (basiskennis)",,Nederlands,"62,6",168,Nee,Nee,Nee,Nee,Nee,0,4,Nee,5,5,5,5,5,5,5,5,5,5,5,5,4,4,2,5,2,3,5,4,3,3,2,1,5,2,5,2,1,5,5,2,4,1,4,4,4,2,5,5,4,4,4,4,5,5,3,1,1,4,3,3,4,2,5,4,2,4,4,2,3,4,4,4,5,3,4,4,4,2,3,3,
2024-03-01 14:30:43,2024-03-01 14:39:52,IP Address,62.133.103.244,100,549,True,2024-03-01 14:39:53,R_8fk5oCt8GNN2bAk,,,,,52.3795,4.8777,anonymous,EN,0,18,vrouw,vrouw,Nederlands,"Engels (goede kennis), Duits (goede kennis)",,Nederlands,"67,9",1.77,Nee,Nee,Nee,Nee,Nee,6,7,Ja,1,1,5,2,3,4,2,5,3,3,4,4,5,4,4,3,2,4,4,4,4,5,3,4,3,3,4,2,2,3,4,5,3,3,2,5,1,1,4,3,3,1,3,3,3,3,5,1,4,5,2,5,4,2,4,4,1,4,3,5,2,2,3,3,5,1,3,4,3,4,4,5,
2024-03-01 14:31:58,2024-03-01 14:44:44,IP Address,145.116.180.237,100,766,True,2024-03-01 14:44:45,R_6K11ovDxvHXRR1s,,,,,51.8421,5.8593,anonymous,EN,33-1,20,vrouw,vrouw,Nederlands,"Engels (vloeiend), Duits (basiskennis), Frans (basiskennis), Spaans (basiskennis)",,Nederlands,68.8,180.9,"Ja, wel gecorrigeerd",Nee,Nee,Nee,Nee,6,7,Nee,5,5,4,5,5,5,5,5,5,3,5,3,4,4,4,4,1,4,5,3,5,5,3,2,3,1,4,2,1,4,4,4,3,1,4,4,2,1,3,3,2,1,2,3,3,5,4,2,2,2,3,5,3,3,3,4,2,5,1,4,2,1,3,4,5,3,2,4,3,2,4,4,
2024-03-04 12:30:02,2024-03-04 12:39:29,IP Address,145.116.135.177,100,566,True,2024-03-04 12:39:30,R_6cdBCHPJu4ALTBh,,,,,51.8385,5.8731,anonymous,EN,34_0,18,vrouw,vrouw,Nederlands,"Engels, Duits",,"Nederlands, Moluks ",60,1.53,Nee,Nee,Nee,Nee,Nee,1,5,Nee,5,5,5,5,5,4,5,2,5,3,4,4,4,4,5,3,2,3,4,4,3,4,3,2,3,4,4,2,2,2,3,4,3,3,4,4,3,2,3,4,3,2,2,3,3,4,4,3,3,4,3,4,4,3,4,3,2,4,3,3,3,2,3,4,3,2,2,4,3,4,4,4,
2024-03-04 12:29:50,2024-03-04 12:41:24,IP Address,145.116.185.181,100,693,True,2024-03-04 12:41:24,R_3f7nmmFSirMnlu2,,,,,51.7875,5.9312,anonymous,EN,34_1,18,vrouw,vrouw,Nederlands,"Engels (vloeiend), Duits (basiskennis)",,Nederlands,77,165,Nee,Nee,Nee,Nee,Nee,0,5,Nee,5,5,5,5,4,5,5,5,5,5,5,5,5,4,1,4,2,5,5,1,4,4,2,2,5,3,4,2,2,4,3,2,5,2,1,5,1,1,5,1,5,3,2,4,5,2,3,1,1,4,1,4,4,1,5,5,2,5,2,1,5,3,1,5,4,1,3,4,4,1,1,4,
2024-03-04 14:31:57,2024-03-04 14:43:21,IP Address,145.116.173.253,100,684,True,2024-03-04 14:43:22,R_5CZblElvF1dljsS,,,,,51.8421,5.8593,anonymous,EN,35_1,18,vrouw,vrouw,Nederlands,"Engels (goede kennis), Duits (basiskennis)",,Nederlands,81,"1,75",Nee,Nee,Nee,Nee,Nee,4,6,Nee,5,5,5,5,5,5,5,5,5,5,5,3,5,4,3,2,5,4,5,3,3,4,3,2,5,2,3,2,5,4,3,1,3,1,5,4,1,1,4,3,3,2,2,5,3,3,2,1,2,3,2,4,3,2,4,4,2,4,2,3,4,1,2,4,4,2,3,3,3,2,2,3,
2024-03-04 14:31:56,2024-03-04 14:45:03,IP Address,145.116.179.230,100,786,True,2024-03-04 14:45:04,R_6ddaFJYgCgZZgBp,,,,,51.8385,5.8731,anonymous,EN,35_0,19,vrouw,vrouw,Nederlands,"Engels (vloeiend), Frans en Duits (basiskennis)",,Nederlands,"79,7","1,75",Nee,Nee,Nee,Nee,Nee,4,5,Nee,5,5,5,5,5,5,5,5,5,5,5,4,4,4,3,4,1,4,5,2,4,4,2,1,4,1,2,2,1,3,4,1,4,2,2,4,1,1,4,2,4,2,1,4,3,3,1,3,1,4,2,4,3,2,5,4,1,4,1,2,3,1,1,4,4,2,4,3,4,2,2,4,
2024-03-04 16:39:29,2024-03-04 16:47:52,IP Address,145.137.131.81,100,502,True,2024-03-04 16:47:52,R_4idL8DqP0XQslUt,,,,,51.8199,5.8715,anonymous,EN,36-1,19,man,man,Nederlands,"Engels (vloeiend), Frans (basiskennis)",,Nederlands,70.8,188,Nee,Nee,Nee,Nee,Nee,5,6,Nee,5,5,5,5,5,5,5,5,5,5,5,1,5,5,3,5,2,5,5,4,4,3,4,1,4,1,5,1,1,2,1,4,4,1,3,5,1,1,4,3,5,1,1,4,3,1,4,2,1,3,1,5,4,1,4,5,1,5,1,3,4,2,2,5,3,1,2,5,5,2,1,5,
2024-03-04 16:39:05,2024-03-04 16:51:12,IP Address,145.116.169.73,100,727,True,2024-03-04 16:51:14,R_44wK2pOeUT6rpXU,,,,,51.8199,5.8715,anonymous,EN,36_0,19,vrouw,vrouw,Nederlands,"Engels (vloeiend)
Duits (goede kennis)",,Nederlands,57.8,1.66,"Ja, wel gecorrigeerd",Nee,Nee,Nee,Nee,4,4,Nee,5,5,5,5,5,5,5,5,5,5,5,5,4,5,4,3,3,3,5,4,3,4,3,1,2,3,3,1,1,1,4,3,2,1,5,4,3,1,5,4,2,2,3,4,2,3,3,3,3,3,2,3,4,2,5,3,1,4,1,4,2,4,5,4,3,1,3,3,4,3,3,3,
2024-03-06 10:58:05,2024-03-06 11:12:09,IP Address,145.116.181.168,100,843,True,2024-03-06 11:12:09,R_17KnZhC13L7Pa8N,,,,,51.8421,5.8593,anonymous,EN,37_0,19,vrouw,vrouw,Nederlands,"Engels (basiskennis) Duits (basiskennis) ",,Nederlands,57.2,176 cm,"Ja, wel gecorrigeerd",Nee,Nee,Nee,Nee,5,7,Nee,5,5,4,5,5,4,4,3,5,5,5,5,4,5,2,1,1,3,5,1,5,2,4,1,5,2,4,3,1,5,4,3,1,1,3,4,1,1,4,2,3,1,4,4,4,2,3,5,2,3,1,5,4,2,4,3,1,3,1,2,1,1,1,5,4,2,3,2,3,1,3,3,"We hebben in totaal 40 minuten langer gedaan over het experiment (inclusief vragenlijst). Hier hebben we geen volledige compensatie voor gekregen. "
2024-03-06 11:00:31,2024-03-06 11:16:16,IP Address,145.137.142.42,100,944,True,2024-03-06 11:16:16,R_2njcnINKYfIL1PY,,,,,51.8149,5.8171,anonymous,EN,37_1,19,vrouw,vrouw,Nederlands,"Engels (vloeiend), Frans (basiskennis)",,Nederlands,"65,8",1.73 m,"Ja, wel gecorrigeerd",Nee,Nee,Nee,Nee,6,6,Nee,5,5,5,5,5,4,5,4,4,3,4,4,5,5,2,4,1,4,5,2,4,4,2,2,5,3,4,2,2,4,3,5,4,1,2,5,1,1,4,2,3,2,2,4,4,4,4,3,2,4,2,5,3,2,4,3,1,4,2,1,3,1,1,4,4,2,1,4,3,2,2,4,"Het experiment duurde te lang voor de hoeveelheid punten die we hebben gekregen. De enquete duurde ook nog lang. Ik zou langer rekenen voor het experiment.
Verder was het wel een leuk experiment!"
2024-03-06 12:19:50,2024-03-06 12:28:12,IP Address,145.137.171.192,100,501,True,2024-03-06 12:28:12,R_2i81S0rEuasoS0I,,,,,51.8063,5.8262,anonymous,EN,38_1,18,vrouw,vrouw,Nederlands,"Engels (vloeiend), Duits (basiskennis), Frans (goede kennis), Spaans (basiskennis)",,Nederlands,"61,4",171,"Ja, wel gecorrigeerd",Nee,Nee,Nee,Nee,7,7,Nee,5,5,5,5,5,5,5,5,5,5,5,5,3,5,5,2,1,2,5,2,3,5,5,2,5,4,5,4,1,2,4,5,1,1,4,2,2,2,3,3,2,1,5,5,2,4,5,3,1,4,4,4,4,1,4,2,1,3,1,4,1,1,5,5,4,4,1,5,5,1,5,5,
2024-03-06 12:19:47,2024-03-06 12:31:34,IP Address,104.28.30.75,100,706,True,2024-03-06 12:31:34,R_573qzFeQTAE5xqp,,,,,52.3744,4.9388,anonymous,EN,38_0,19,man,man,Nederlands,"Engels (vloeiend), Duits (basis verstaan, slecht spreken)",,Nederlands,75.5,185,"Ja, wel gecorrigeerd",Nee,Nee,Nee,Nee,7,7,Nee,5,5,5,5,5,5,3,5,5,5,5,4,4,4,4,3,4,5,4,5,4,4,3,4,4,3,4,2,1,3,4,5,3,2,4,3,4,2,4,3,4,1,2,3,3,2,1,2,3,2,2,2,4,3,4,3,2,4,2,2,3,4,2,3,4,2,2,3,4,2,3,4,
2024-03-06 14:35:04,2024-03-06 14:42:33,IP Address,145.137.181.4,100,448,True,2024-03-06 14:42:34,R_2ZVzmHE0qFHOCGg,,,,,51.8441,5.8844,anonymous,EN,39_1,18,vrouw,vrouw,"Nederlands ","Engels (goed) ",,"Nederlands en Indonesisch ",66,170,Nee,Nee,Nee,Nee,Nee,3,6,Nee,5,5,4,5,3,5,3,5,5,4,4,4,4,4,3,3,4,4,5,4,3,4,3,2,4,3,3,3,1,3,4,1,2,1,2,4,5,3,4,3,4,3,4,3,4,3,2,3,2,3,2,2,3,4,4,4,3,4,2,2,4,4,4,4,3,2,3,3,5,3,2,3,
2024-03-06 14:35:05,2024-03-06 14:46:56,IP Address,172.226.96.36,100,711,True,2024-03-06 14:46:57,R_5KMw3dvzV4BmFgW,,,,,52.3716,4.8883,anonymous,EN,39_0,19,vrouw,vrouw,Nederlands,"Nederlands (vloeiend), Engels (vloeiend), Duits en Frans (beide basis kennis)",,Nederlands,78.1,166,"Ja, wel gecorrigeerd",Nee,Nee,Nee,Nee,5,6,Nee,5,5,4,5,3,5,4,4,5,5,5,3,5,5,4,2,2,4,5,2,4,5,4,2,5,1,5,1,1,3,4,4,4,1,3,4,3,1,4,3,4,2,4,4,4,4,4,1,1,4,2,4,4,1,4,4,1,5,1,2,2,2,2,5,4,1,2,4,5,1,2,4,
2024-03-07 15:06:11,2024-03-07 15:18:08,IP Address,145.137.177.96,100,716,True,2024-03-07 15:18:08,R_2UPX9AMd6JoxSbD,,,,,51.8405,5.8412,anonymous,EN,40_0,18,vrouw,vrouw,Nederlands,Engels (goede kennis),,Nederlands,68.5,168,Nee,Nee,Nee,Nee,Nee,7,7,Ja,1,1,1,1,1,1,1,1,1,1,1,1,4,4,3,4,1,2,5,4,3,3,4,2,4,2,4,4,1,3,3,4,1,1,4,3,2,1,4,1,3,1,5,4,4,3,4,3,1,4,2,4,4,1,5,4,1,2,1,3,2,3,4,4,4,2,2,3,5,1,3,4,
2024-03-07 15:06:17,2024-03-07 15:19:05,IP Address,77.63.39.64,100,768,True,2024-03-07 15:19:05,R_2MsV4nFHstu6Js6,,,,,51.5905,4.7731,anonymous,EN,40_1,18,vrouw,vrouw,Nederlands en duits,Engels: goede kennis en frans: basiskennis,,Nederlands en Duits,55.7,171,Nee,Nee,Nee,Nee,Nee,7,7,Nee,5,5,4,5,5,2,5,4,5,5,4,4,4,5,1,3,1,3,5,2,3,5,3,2,5,2,5,3,1,5,4,5,5,1,3,3,2,1,4,3,3,1,4,5,5,4,4,3,2,5,2,5,4,2,5,4,1,4,1,1,2,1,3,4,5,3,1,4,4,3,2,5,
2024-03-07 16:47:42,2024-03-07 16:55:20,IP Address,89.205.135.111,100,457,True,2024-03-07 16:55:20,R_2NJVZs7IksFlxGI,,,,,52.5088,6.0908,anonymous,EN,41_1,19,vrouw,vrouw,Nederlands,Engels (goede kennis),,Nederlands,"60,5kg",172cm,Nee,Nee,Nee,Nee,Nee,7,7,Nee,5,5,5,5,4,5,4,4,5,5,5,3,4,5,4,2,2,3,5,1,4,5,4,2,5,1,5,2,1,2,4,3,3,1,1,4,1,1,5,1,5,2,4,5,3,4,3,2,1,5,1,5,4,1,5,5,1,3,1,3,2,1,1,5,5,1,1,5,5,1,1,3,
2024-03-07 16:47:32,2024-03-07 16:55:23,IP Address,145.137.171.39,100,470,True,2024-03-07 16:55:23,R_5DD3MGSgBcTDuKr,,,,,51.8063,5.8262,anonymous,EN,41_0,19,vrouw,vrouw,Nederlands,"Engels (vloeiend), Spaans (basiskennis)",,Nederlands,53.1,160,Nee,Nee,Nee,Nee,Nee,7,7,Nee,5,5,4,5,5,4,5,5,5,3,5,3,3,5,2,2,3,4,5,2,2,4,4,4,5,4,3,2,1,3,4,4,4,2,2,3,2,1,5,3,2,2,4,5,4,4,3,3,1,4,4,5,3,2,5,2,2,3,1,1,2,1,4,4,4,4,4,3,4,1,4,3,
2024-03-08 12:28:11,2024-03-08 12:37:04,IP Address,145.116.157.186,100,532,True,2024-03-08 12:37:04,R_8rpONvIOXH9utjJ,,,,,51.8513,5.8638,anonymous,EN,187750,22,vrouw,vrouw,Nederlands,Engels (vloeiend),,Nederlands,"73,9 ",1.78,"Ja, wel gecorrigeerd",Nee,Nee,Nee,Nee,7,7,Ja,1,1,1,1,1,1,1,1,1,1,3,3,5,4,3,4,1,3,4,3,4,4,3,2,4,2,4,1,1,3,3,5,3,1,2,5,1,1,4,2,3,1,2,4,2,2,5,2,3,4,4,3,5,2,4,2,1,4,2,1,2,1,2,3,4,2,2,4,4,3,2,3,
2024-03-08 12:28:13,2024-03-08 12:41:13,IP Address,145.137.178.211,100,779,True,2024-03-08 12:41:13,R_3daBEUW8rjShBJu,,,,,51.8339,5.8643,anonymous,EN,186658,22,vrouw,vrouw,"Nederlandse ",Engels vloeiend,,Weet ik niet,71.3,1.80,Nee,Ja,Nee,Nee,Nee,7,7,Nee,5,5,5,5,5,5,5,5,5,5,5,2,5,5,4,3,1,2,5,2,1,4,3,2,4,2,5,1,5,2,4,5,2,1,5,3,1,1,5,1,3,1,2,5,2,5,5,3,1,1,2,5,5,1,4,2,1,5,1,3,2,1,2,5,4,3,1,5,4,3,1,5,
2024-03-08 14:42:58,2024-03-08 14:49:10,IP Address,145.116.142.114,100,371,True,2024-03-08 14:49:10,R_2CfYQJwpxzNAQSg,,,,,51.8323,5.8495,anonymous,EN,43_0,20,vrouw,vrouw,Nederlands,Engels (vloeiend) Duits (Basis),,Nederlands,"63,8",171,Nee,Nee,Nee,Nee,Nee,4,5,Nee,5,5,3,4,5,5,5,4,4,3,5,5,4,4,2,3,3,2,5,3,2,4,3,2,5,3,4,2,2,5,4,2,3,1,2,3,1,1,2,3,4,2,4,4,5,3,2,1,3,4,1,5,3,4,4,3,2,3,3,2,4,3,4,4,5,2,4,3,2,3,2,4,
2024-03-08 14:43:18,2024-03-08 14:49:22,IP Address,145.116.141.248,100,363,True,2024-03-08 14:49:22,R_4IKvbka79TLNxtf,,,,,51.8513,5.8638,anonymous,EN,188950,20,vrouw,vrouw,Nederlands,"Engels (vloeiend)
Spaans(basiskennis)",,Nederlands,74,"1,69",Nee,Nee,Nee,Nee,Nee,4,5,Nee,5,5,5,5,5,5,5,5,5,5,5,5,5,5,2,3,1,3,5,3,4,4,3,2,5,2,3,1,1,3,3,5,3,1,1,4,1,2,5,2,2,3,1,5,4,3,4,3,1,4,4,4,5,1,4,4,2,5,1,4,2,2,3,5,4,3,2,5,5,2,2,4,
2024-03-11 12:20:02,2024-03-11 12:28:00,IP Address,145.116.166.49,100,477,True,2024-03-11 12:28:01,R_3rIp7pk8iot6ctU,,,,,51.8385,5.8731,anonymous,EN,44-1,18,vrouw,vrouw,Nederlands,"Engels(vloeiend) 
Frans (vloeiend)",,Nederlands-Frans,"59,5","165,5",Nee,Nee,Nee,Nee,Nee,0,6,Ja,1,1,1,2,1,1,1,1,1,2,1,1,4,4,2,2,1,4,4,1,2,5,2,3,4,3,5,3,1,5,1,5,3,2,1,4,1,1,2,1,2,1,4,4,4,4,5,3,2,5,3,5,3,3,4,3,1,4,1,1,2,3,3,4,4,4,1,2,3,1,3,4,
2024-03-11 12:19:52,2024-03-11 12:28:11,IP Address,145.102.28.35,100,499,True,2024-03-11 12:28:11,R_1dhjmS4nmAHGPLt,,,,,51.1628,5.8315,anonymous,EN,44_0,20,man,man,Nederlands,"Engels(vloeiend), Duits(basiskennis), Frans(basiskennis)",,Nederlands,"68,6","176,5",Nee,Nee,Nee,Nee,Nee,7,7,Nee,5,5,5,5,5,5,5,5,5,5,5,5,5,5,4,4,2,2,5,3,4,5,4,2,3,1,5,1,1,2,2,4,3,1,5,4,1,1,5,4,5,1,1,3,1,1,3,3,2,2,3,2,5,2,2,4,1,5,1,3,2,4,2,4,2,2,2,4,4,4,2,4,
2024-03-11 14:27:15,2024-03-11 14:37:36,IP Address,109.37.145.81,100,620,True,2024-03-11 14:37:36,R_3kFGNe7iaAMeG0Z,,,,,52.1053,5.0885,anonymous,EN,45-0,18,vrouw,vrouw,Nederlands,"Engels (vloeiend), duits en frans (basiskennis)",,Nederlands,68,1.82,Nee,Nee,Nee,Nee,Nee,1,7,Nee,5,5,5,5,5,5,5,5,5,5,5,1,4,5,2,3,5,5,5,2,5,4,4,3,5,2,4,1,1,5,3,1,5,2,2,5,4,2,5,2,5,4,2,5,5,3,2,1,2,5,2,1,3,2,5,5,2,4,3,1,3,5,2,5,5,2,1,2,5,1,2,2,
2024-03-11 14:27:41,2024-03-11 14:43:50,IP Address,145.137.153.80,100,968,True,2024-03-11 14:43:50,R_7KUwgcH9Sm6Q7UA,,,,,51.7875,5.9312,anonymous,EN,45-1,23,vrouw,vrouw,Nederlands,"Engels (vloeiend) / Duits (basis kennis) ",,Nederlands,63,165,"Ja, wel gecorrigeerd",Nee,Nee,Nee,Nee,0,4,Nee,5,5,5,5,5,1,5,5,5,5,5,5,4,4,2,3,2,3,5,3,3,5,2,2,3,2,4,2,1,2,3,3,2,1,4,3,5,1,4,2,4,1,2,4,2,3,2,2,1,3,2,4,4,1,4,4,1,4,1,2,1,4,3,4,3,4,1,4,4,1,2,4,
2024-03-11 16:20:36,2024-03-11 16:33:30,IP Address,145.137.172.25,100,774,True,2024-03-11 16:33:31,R_8tiHhWTdpDp7U5P,,,,,51.8513,5.8638,anonymous,EN,46_0,21,vrouw,vrouw,Nederlands,"Engels (vloeiend), Duits (basiskennis), Frans (basiskennis)",,Nederlands,61.2,171,Nee,Nee,Nee,Nee,Nee,6,6,Nee,5,5,5,5,5,5,5,3,5,4,5,5,4,5,2,3,4,3,5,2,2,5,4,3,5,4,3,3,1,5,5,4,2,1,4,4,4,3,4,2,3,2,4,4,4,5,4,4,1,5,3,3,3,2,4,3,1,4,2,3,4,3,3,5,5,2,3,4,4,1,4,3,
2024-03-11 16:20:38,2024-03-11 16:33:32,IP Address,145.116.154.112,100,773,True,2024-03-11 16:33:32,R_1QQCVgDrcTelVQO,,,,,51.8385,5.8731,anonymous,EN,46_1,22,vrouw,vrouw,Nederlands,"Engels (vloeiend), Frans (basiskennis), Duits (basiskennis)",,Nederlands,"63,9",165,Nee,Nee,Nee,Nee,Nee,6,6,Ja,1,1,4,5,5,3,3,4,5,4,5,5,5,4,2,3,1,4,4,2,3,4,4,3,4,2,5,2,2,4,3,1,4,2,3,5,2,1,4,2,4,1,2,4,4,2,1,2,2,4,2,3,5,1,4,4,2,4,2,2,4,3,3,4,5,2,2,4,4,2,2,4,Geweldige begeleiding!
2024-03-12 10:25:14,2024-03-12 10:34:22,IP Address,145.116.159.26,100,548,True,2024-03-12 10:34:22,R_2jVcONBwr6eJOFd,,,,,51.8513,5.8638,anonymous,EN,47_1,18,vrouw,vrouw,Nederlands,"Engels (vloeiend), Duits (goede kennis), Frans (basis)",,Nederlands,63,180,"Ja, wel gecorrigeerd",Nee,Nee,Nee,Nee,4,5,Nee,5,5,5,5,2,5,5,5,5,5,5,1,4,4,2,3,2,2,5,2,5,5,3,3,5,2,4,2,1,4,4,5,3,1,3,4,1,1,5,2,5,1,3,3,4,3,5,2,1,3,1,4,4,1,4,4,1,3,2,3,3,1,2,5,4,1,2,3,5,1,1,4,
2024-03-12 10:24:59,2024-03-12 10:35:19,IP Address,145.116.182.221,100,619,True,2024-03-12 10:35:19,R_1qfx9QV10BMVu12,,,,,51.8513,5.8638,anonymous,EN,47_0,19,vrouw,vrouw,"Nederlands ","Engels (vloeiend)
Frans (basiskennis)",,"Nederlands ",53.2,174,Nee,Nee,Nee,Nee,Nee,3,5,Nee,5,5,3,5,5,4,3,5,5,5,4,4,3,4,4,2,1,4,5,3,2,4,4,1,4,5,4,2,1,1,4,5,4,2,4,2,1,3,2,3,2,1,4,4,1,4,4,3,2,1,4,5,2,3,4,4,1,4,2,3,2,1,2,3,2,4,1,3,3,3,4,5,
2024-03-12 12:15:15,2024-03-12 12:22:52,IP Address,145.137.155.92,100,456,True,2024-03-12 12:22:52,R_1SCBXUlzsB2xYLP,,,,,51.8063,5.8262,anonymous,EN,48_1,21,man,man,Nederlands,Engels,,Nederlands,93.0,193,Nee,Nee,Nee,Nee,Nee,0,4,Nee,5,5,5,5,3,4,4,3,4,3,5,5,4,4,3,3,2,4,4,4,3,4,4,3,4,3,2,2,2,3,4,4,3,1,3,3,2,2,4,2,3,2,3,3,2,3,3,2,2,4,2,4,3,2,3,4,2,3,2,3,4,3,3,4,4,3,3,3,4,2,3,3,
2024-03-12 12:15:19,2024-03-12 12:26:52,IP Address,145.137.141.123,100,692,True,2024-03-12 12:26:52,R_5MLmfEQBuSIZImv,,,,,51.8149,5.8171,anonymous,EN,48_0,21,vrouw,vrouw,Nederlands,"Engels (redelijk vloeiend), duits (basis), Frans (paar woorden)",,Nederlands,"79,2 kg",168 cm,Nee,Nee,Nee,Nee,Nee,0,5,Nee,5,5,4,5,5,5,5,5,5,4,5,5,4,5,3,3,4,4,5,3,4,4,4,2,4,4,4,2,1,3,4,3,4,2,2,4,2,1,4,3,3,2,3,4,3,4,2,2,3,4,4,4,4,1,1,3,1,4,2,3,1,2,2,4,4,3,3,4,4,2,3,3,
2024-03-12 14:11:04,2024-03-12 14:18:42,IP Address,104.28.30.78,100,458,True,2024-03-12 14:18:43,R_2ClOC5vwSpNQwSt,,,,,52.0967,5.1137,anonymous,EN,49_1,20,vrouw,vrouw,Nederlands,Engels (vloeiend),,Nederlands,83.6 kg,174 cm,Nee,Nee,Nee,Nee,Nee,5,7,Nee,5,5,4,5,5,5,5,3,5,5,4,3,4,4,2,3,4,3,4,3,2,3,3,2,4,5,4,5,2,4,4,2,3,2,5,4,2,4,3,4,2,2,5,2,4,5,5,4,4,4,5,3,2,2,3,2,2,2,3,3,2,4,4,3,4,5,3,2,2,4,4,2,
2024-03-12 14:11:19,2024-03-12 14:19:36,IP Address,145.137.176.85,100,497,True,2024-03-12 14:19:37,R_31ZVgIuGHErDkoF,,,,,51.8339,5.8643,anonymous,EN,49_0,20,man,man,Nederlands,"Engels (vloeiend), Spaans (goede kennis)",,Nederlands,69Kg,183cm,"Ja, wel gecorrigeerd",Nee,Nee,Nee,Nee,7,7,Nee,5,5,5,5,5,5,5,3,4,3,3,4,4,4,3,3,4,4,4,4,5,4,4,2,4,3,5,2,1,3,3,3,3,2,3,4,1,1,5,3,4,1,3,4,3,4,2,1,2,4,4,5,3,3,3,4,1,4,3,4,5,5,3,4,3,4,2,5,4,3,2,4,
2024-03-12 16:38:47,2024-03-12 16:46:10,IP Address,145.116.159.211,100,442,True,2024-03-12 16:46:11,R_5DY4fTSpWiPtnxv,,,,,51.8513,5.8638,anonymous,EN,50_1,18,vrouw,vrouw,Nederlands,Engels (vloeiend),,Nederlands,"69,5","1,74","Ja, wel gecorrigeerd",Nee,Nee,Nee,Nee,2,4,Nee,5,5,5,5,5,5,5,5,5,5,4,3,3,5,2,2,2,2,4,4,4,4,4,2,4,2,4,4,1,4,4,4,1,1,4,2,2,2,4,3,4,2,5,4,4,4,4,2,1,3,2,4,4,2,4,4,1,3,1,2,4,1,4,4,2,2,2,3,4,1,1,3,
2024-03-12 16:38:50,2024-03-12 16:50:07,IP Address,145.116.140.45,100,676,True,2024-03-12 16:50:07,R_1OCgt1W7yd5h5lL,,,,,51.9514,5.2275,anonymous,EN,50_0,18,vrouw,vrouw,Nederlands,"Engels (vloeiend), Limburgs dialect (vloeiend), Frans (basiskennis), Duits (basiskennis)",,Nederlands,"56,8",170,"Ja, wel gecorrigeerd",Nee,Nee,Nee,Nee,2,4,Nee,5,5,5,5,5,5,5,5,5,5,5,2,5,5,2,3,5,4,4,4,4,3,1,4,5,4,5,2,1,4,5,2,5,3,3,4,3,2,4,3,2,1,2,4,4,5,3,2,2,4,3,5,4,1,4,4,2,5,1,2,1,5,2,5,5,3,4,5,4,1,4,5,
2024-03-13 10:27:17,2024-03-13 10:35:34,IP Address,145.116.180.24,100,497,True,2024-03-13 10:35:35,R_6js4zxI7C9neIwt,,,,,51.8421,5.8593,anonymous,EN,51_0,20,vrouw,vrouw,Nederlands,"Engels (vloeiend)
Frans (basis)
",,Nederlands,"62,5",179,"Ja, wel gecorrigeerd",Nee,Nee,Nee,Nee,3,6,Nee,5,5,5,5,5,5,5,1,5,5,5,3,4,4,2,4,1,4,4,3,4,5,3,2,4,4,4,1,1,3,2,5,3,2,4,4,1,1,5,2,3,2,3,4,3,3,4,2,2,4,2,4,4,2,4,3,2,4,2,2,3,2,3,4,4,3,2,4,4,3,3,4,
2024-03-13 10:27:39,2024-03-13 10:35:35,IP Address,145.116.165.87,100,475,True,2024-03-13 10:35:36,R_3iwNf9eLrfjt7FC,,,,,51.8421,5.8593,anonymous,EN,51_1,19,vrouw,vrouw,Nederlands,"Engels (vloeiend) 
Frans (basiskennis",,Nederlands,50 kg,166,"Ja, wel gecorrigeerd",Nee,Nee,Nee,Nee,3,6,Nee,5,5,5,5,5,5,5,5,5,5,5,1,4,4,1,3,4,2,5,2,2,4,5,2,4,1,2,3,1,5,4,3,2,1,2,2,3,4,5,2,4,4,5,4,5,5,4,4,2,4,2,4,3,1,4,5,4,4,2,1,2,4,5,5,4,2,4,3,5,1,1,2,
2024-03-13 14:23:29,2024-03-13 14:32:37,IP Address,145.116.152.183,100,548,True,2024-03-13 14:32:38,R_73vBwhUffePceTn,,,,,51.7285,5.8849,anonymous,EN,52_1,19,vrouw,vrouw,Nederlands,Duits/engels/frans,,Nederlands,60,"1,64",Nee,Nee,Nee,Nee,Nee,0,4,Nee,5,5,4,4,4,5,5,3,5,3,4,4,5,5,3,3,4,4,5,2,5,5,4,2,3,2,3,1,1,5,5,4,3,1,1,4,4,1,4,2,1,2,2,4,4,4,3,1,1,5,2,4,5,1,4,3,2,4,1,4,1,4,4,4,5,1,2,5,5,2,3,4,
2024-03-13 14:24:01,2024-03-13 14:35:34,IP Address,89.205.134.110,100,693,True,2024-03-13 14:35:34,R_8HiPNFbnMFpr843,,,,,52.0485,5.6512,anonymous,EN,52_0,17,vrouw,vrouw,"Nederlands ","Engels (vloeiend) ",,Nederlands,"48,0","1,60",Nee,Ja,Nee,Nee,Nee,5,6,Ja,5,5,5,5,5,5,5,4,5,5,5,3,5,5,3,2,1,4,5,3,3,4,4,1,4,5,4,2,1,3,5,4,3,3,5,5,1,1,4,3,1,1,2,4,4,4,4,2,3,4,3,4,4,2,5,1,1,5,1,2,2,1,3,4,4,3,1,4,4,2,4,4,
2024-03-14 14:46:36,2024-03-14 14:54:33,IP Address,145.116.138.35,100,477,True,2024-03-14 14:54:34,R_4VO59dmGDKnG7B1,,,,,51.838,5.8299,anonymous,EN,53_0,18,vrouw,vrouw,Nederlands,"Engels (vloeiend), Frans (basiskennis)",,Nederlands,"66,5",177,"Ja, niet gecorrigeerd",Nee,Nee,Nee,Nee,4,6,Nee,5,5,4,5,4,5,4,5,5,4,4,2,3,5,2,4,3,2,5,4,4,4,4,4,4,3,2,3,1,4,4,3,4,1,3,4,2,3,5,2,3,4,3,4,4,5,4,2,2,5,3,4,2,2,5,4,4,3,2,3,2,2,2,4,4,4,3,3,4,2,4,3,
2024-03-14 14:46:38,2024-03-14 14:54:36,IP Address,145.116.134.112,100,477,True,2024-03-14 14:54:36,R_2JWjvDqj50Sclih,,,,,51.8385,5.8731,anonymous,EN,53_1,19,vrouw,vrouw,"Nederlands ",Engels(goede kennis),,"Nederlands ","52,2",166,Nee,Ja,Nee,Nee,Nee,4,7,Nee,5,5,4,5,5,5,5,5,5,5,4,3,5,5,4,3,4,5,5,3,3,5,2,1,4,1,4,1,1,2,2,3,2,1,3,4,2,1,4,3,4,1,1,3,4,2,2,2,2,3,1,4,5,1,4,2,1,5,1,3,2,3,1,5,3,2,3,5,5,2,3,4,
2024-03-14 17:20:00,2024-03-14 17:32:10,IP Address,145.137.156.45,100,729,True,2024-03-14 17:32:11,R_1qXtM0uZRnQ93vn,,,,,51.8323,5.8495,anonymous,EN,54_0,20,vrouw,vrouw,Nederlands,Engels (vloeiend) Frans(basis) Duits (basis),,Nederlands,60.2,"1,67",Nee,Ja,Nee,Nee,Nee,7,7,Nee,5,5,5,5,5,5,5,5,5,5,5,3,5,5,2,2,2,3,5,1,3,4,3,2,4,5,4,2,1,4,5,4,4,1,5,4,1,2,4,2,3,2,2,4,4,5,4,3,1,2,4,5,3,1,3,4,1,4,2,2,1,2,3,5,4,3,2,3,4,1,1,4,
2024-03-14 17:20:35,2024-03-14 17:39:58,IP Address,145.116.179.3,100,1163,True,2024-03-14 17:39:58,R_8g1UalMcaX0ZC94,,,,,51.8118,5.8578,anonymous,EN,54_1,20,vrouw,vrouw,Nederlands,Engels (goede kennis),,"Nederlands ",77.3,1.85,Nee,Ja,Nee,Nee,Nee,6,6,Nee,5,5,4,5,5,5,5,5,5,5,5,3,3,4,4,2,2,3,5,2,2,5,4,2,4,4,3,4,1,2,4,3,2,1,5,1,2,3,5,3,1,3,5,4,2,5,3,3,1,3,4,5,3,2,4,3,3,2,2,5,2,2,3,4,2,5,2,2,3,2,2,2,
2024-03-15 10:19:19,2024-03-15 10:29:26,IP Address,145.137.166.148,100,606,True,2024-03-15 10:29:28,R_64fHicR8jaR513r,,,,,51.8441,5.8844,anonymous,EN,55_0,20,vrouw,vrouw,Nederlands,Engels (goede kennis),,Nederlands,"67,8",173,Nee,Nee,Nee,Nee,Nee,6,7,Ja,1,2,3,4,2,2,2,3,3,3,4,3,4,5,2,4,2,5,5,2,4,5,1,1,5,2,4,3,1,3,3,4,2,1,3,5,3,4,5,5,5,2,5,5,4,3,4,1,1,5,2,5,3,2,5,5,2,3,5,3,5,2,2,5,5,2,1,4,5,2,1,4,
2024-03-15 10:22:08,2024-03-15 10:30:42,IP Address,145.137.169.228,100,513,True,2024-03-15 10:30:42,R_2pWf6quFoYFcLtw,,,,,51.8199,5.8715,anonymous,EN,55_1,19,vrouw,vrouw,Nederlands,"Nederlands (vloeiend), engels (goede kennis), duits (basiskennis)",,Nederlands,64.5kg,172cm,"Ja, wel gecorrigeerd",Nee,Nee,Nee,Nee,6,7,Nee,5,5,5,5,5,5,5,1,5,5,5,1,4,4,2,3,3,3,4,2,4,4,4,2,4,2,2,2,2,4,3,3,4,2,2,4,2,2,4,2,4,3,2,4,4,4,3,2,2,4,2,4,4,2,4,3,2,4,2,2,4,2,3,4,4,2,2,4,4,2,2,4,
2024-03-15 12:20:29,2024-03-15 12:28:59,IP Address,145.137.151.112,100,509,True,2024-03-15 12:28:59,R_3MzH6tb4fl0L0wd,,,,,51.8385,5.8731,anonymous,EN,56_1,19,vrouw,vrouw,Nederlands,"Engels (vloeiend), Duits (goede kennis)",,Nederlands,72.9,"1,67 meter",Nee,Nee,Nee,Nee,Nee,0,7,Nee,5,5,5,5,5,5,5,5,5,5,5,5,4,5,1,3,2,5,5,1,5,4,5,1,5,2,3,2,1,5,4,2,4,1,2,5,2,1,5,1,4,2,2,4,5,4,2,1,2,5,3,5,4,3,4,4,2,5,1,1,2,5,2,4,5,2,4,4,2,1,2,4,nvt
2024-03-15 12:20:39,2024-03-15 12:30:33,IP Address,145.137.150.6,100,594,True,2024-03-15 12:30:34,R_3UbiG4xtHkv5jvD,,,,,51.8385,5.8731,anonymous,EN,56_0,19,vrouw,vrouw,Nederland,Engels (goede kennis),,Nederlands,"61,1","1,68","Ja, wel gecorrigeerd",Nee,Nee,Nee,Nee,7,7,Nee,5,5,5,5,5,3,3,3,5,5,3,3,5,4,1,4,4,4,5,2,4,4,3,2,4,2,3,2,1,4,3,2,2,1,2,4,4,3,4,2,2,3,2,4,4,3,2,2,2,4,2,2,3,4,4,4,3,3,1,1,2,3,3,3,1,2,1,4,4,2,2,3,
2024-03-18 12:14:53,2024-03-18 12:32:44,IP Address,145.116.172.233,100,1070,True,2024-03-18 12:32:45,R_3d5d14F26LRo6WJ,,,,,51.742,5.8569,anonymous,EN,57-1,21,vrouw,vrouw,Nederlands,"Engels ",,Nederlands,"63,2","1,65",Nee,Nee,Nee,Nee,Nee,5,7,Ja,1,1,4,5,5,3,3,3,3,3,5,3,5,4,3,4,3,4,3,4,2,4,4,4,4,4,3,3,1,3,3,2,4,2,3,4,2,3,2,3,4,1,4,4,2,2,1,3,3,3,2,3,4,3,4,5,2,5,4,4,3,1,2,3,3,2,2,4,3,3,3,4,"Geen feedback "
2024-03-18 12:14:57,2024-03-18 13:26:55,IP Address,104.28.30.74,100,4317,True,2024-03-18 13:26:56,R_6C7CieZ5Yrtz8qZ,,,,,52.3543,4.8951,anonymous,EN,57_0,20,vrouw,vrouw,Nederlands,Geen,,Nederlands,53,169,Nee,Nee,Nee,Nee,Nee,7,7,Nee,5,5,5,5,5,5,5,5,5,5,5,3,4,5,1,4,2,4,5,1,3,5,3,2,5,2,3,3,5,5,5,4,3,1,2,2,1,4,4,2,3,1,4,5,5,4,4,3,2,5,4,5,2,2,4,5,1,3,1,1,1,3,3,4,5,3,2,3,3,1,2,3,
2024-03-19 10:32:17,2024-03-19 10:43:40,IP Address,145.116.157.10,100,682,True,2024-03-19 10:43:40,R_1KUaZoUuz5v4bGV,,,,,51.8513,5.8638,anonymous,EN,58_0,20,vrouw,vrouw,"Nederlands ",Engels (vloeiend) en Duits (redelijk),,"Nederlands ","60,8 kg",166 cm,Nee,Nee,Nee,Nee,Nee,7,7,Nee,5,5,5,5,5,5,5,3,5,5,5,4,4,5,3,2,4,2,5,4,2,4,5,1,5,4,1,1,1,4,5,3,2,1,2,4,4,1,4,3,1,3,4,4,3,5,2,4,2,4,3,4,5,1,4,3,1,4,2,3,2,1,4,5,4,3,3,4,5,1,4,2,
2024-03-19 10:32:27,2024-03-19 10:44:39,IP Address,145.137.178.100,100,731,True,2024-03-19 10:44:40,R_26hZROZvA9QLDCq,,,,,51.8339,5.8643,anonymous,EN,58-1,19,vrouw,vrouw,Nederlands,"Engels (vloeiend)
Duits (basiskennis/goede kennis)",,"Nederlands ",65.8,180,Nee,Nee,Nee,Nee,Nee,7,7,Nee,5,5,5,5,5,5,5,5,5,5,4,5,4,4,3,3,4,3,4,2,3,4,3,1,4,2,2,3,1,3,4,4,2,1,3,4,1,3,4,2,3,4,4,5,3,4,2,3,1,3,3,2,4,2,4,4,3,4,1,3,2,3,4,4,4,4,3,4,5,1,1,2,
2024-03-21 12:59:19,2024-03-21 13:05:44,IP Address,109.37.149.95,100,384,True,2024-03-21 13:05:44,R_21uEdLtmQA7ODCb,,,,,52.1152,5.1203,anonymous,EN,59_0,23,man,zeg ik liever niet,Nederlands,"Engels (vloeiend), Duits (basiskennis), Frans (basiskennis)",,Nederlands,"75,3",190,Nee,Nee,Nee,Nee,Nee,7,7,Nee,5,5,5,5,5,5,5,5,5,5,5,5,5,4,5,1,1,2,5,3,1,4,5,5,4,5,5,2,3,2,5,5,5,2,3,1,1,4,3,3,1,1,2,3,1,5,5,1,3,3,4,5,1,5,5,3,1,5,3,5,1,1,2,3,2,5,1,1,1,3,2,4,
2024-03-21 12:59:23,2024-03-21 13:09:02,IP Address,89.205.133.123,100,578,True,2024-03-21 13:09:02,R_7MK4f3gIc38IOVH,,,,,52.3882,4.8844,anonymous,EN,59_1,19,vrouw,vrouw,Nederlands,"Engels (vloeiend)
Duits (goede kennis)
Frans (basiskennis)
Zweeds (basiskennis)",,Nederlands,74,172,"Ja, wel gecorrigeerd",Nee,Nee,Nee,Nee,7,7,Nee,4,5,5,5,5,4,5,5,5,5,4,5,3,5,2,2,1,4,5,1,2,5,4,1,4,2,4,3,1,2,5,3,2,2,5,2,1,1,3,2,2,1,3,1,4,5,4,2,2,2,4,4,3,2,4,3,1,3,1,1,1,2,2,3,3,2,3,3,3,3,3,3,
2024-03-21 14:38:39,2024-03-21 15:00:22,IP Address,145.137.184.111,100,1302,True,2024-03-21 15:00:23,R_8lsnZa8wBAfRMWS,,,,,51.8149,5.8171,anonymous,EN,177424,19,vrouw,vrouw,Nederlands,"Engels: goede kennis
Frans: basiskennis
Spaans: basiskennis",,Nederlands,65,178,Nee,Nee,Nee,Nee,Nee,7,7,Ja,5,4,3,4,5,5,5,1,4,1,5,5,5,4,3,2,3,4,5,3,2,4,5,3,5,4,4,3,1,2,5,5,4,2,2,4,2,2,4,4,1,2,4,4,3,4,2,3,2,4,4,2,4,4,5,2,2,4,2,3,2,4,2,4,4,5,3,4,3,2,4,4,Bij sommige dingen stond er ‘parner’ in plaats van ‘partner’
2024-03-21 14:39:05,2024-03-21 15:03:17,IP Address,145.116.128.151,100,1451,True,2024-03-21 15:03:17,R_1e5756jIQuW0LNZ,,,,,51.8199,5.8715,anonymous,EN,177439,19,vrouw,vrouw,"Nederlands ","Engels (goede kennis), Frans (basiskennis)",,Nederlands,65,175,Nee,Nee,Nee,Nee,Nee,1,5,Nee,5,5,5,5,5,5,5,5,5,5,5,5,4,4,4,3,3,4,4,2,4,4,3,2,3,4,4,1,1,2,4,4,3,2,3,2,3,1,2,3,2,2,4,4,3,4,3,2,3,2,1,4,5,1,4,3,2,5,2,3,4,2,3,3,4,1,3,5,5,3,2,3,
2024-03-25 12:35:00,2024-03-25 12:46:50,IP Address,145.116.137.187,100,709,True,2024-03-25 12:46:50,R_2cobnMGogzCMReN,,,,,51.8323,5.8495,anonymous,EN,61.0,20,vrouw,vrouw,Nederlands,"Engels (vloeiend)
Frans (begrijpen, beetje praten)
Spaans (begrijpen, beetje praten)
Duits (basiskennis)",,"Nederlands ",62 kg,165,"Ja, wel gecorrigeerd",Nee,Nee,Nee,Nee,0,4,Nee,5,5,5,5,5,5,5,5,5,5,5,5,4,4,4,4,1,5,4,3,3,4,3,2,3,2,4,1,2,3,2,4,3,1,3,4,1,1,4,2,4,2,2,2,2,2,3,3,2,3,1,3,4,3,3,4,2,3,1,4,2,3,2,3,2,1,2,3,3,2,3,3,
2024-03-25 13:55:59,2024-03-25 14:03:21,IP Address,89.205.138.25,100,441,True,2024-03-25 14:03:21,R_6wSRkAnuWIL8Zhm,,,,,51.9179,4.4901,anonymous,EN,61-1,20,vrouw,vrouw,Nederlands,Engels (vloeiend),,Nederlands,68 kg,165 cm,"Ja, wel gecorrigeerd",Nee,Nee,Nee,Nee,0,3,Nee,5,5,4,5,4,5,4,4,4,4,4,3,3,4,4,1,5,2,5,5,2,3,3,3,4,4,4,5,5,4,5,3,1,1,4,3,3,4,3,3,2,1,5,5,4,5,2,3,1,3,4,5,2,4,3,4,2,3,2,2,1,3,3,4,3,4,4,3,3,2,2,4,
2024-03-26 16:40:56,2024-03-26 16:47:21,IP Address,104.28.30.74,100,385,True,2024-03-26 16:47:21,R_2IezuDkam7FBwgp,,,,,52.3441,4.8782,anonymous,EN,62_1,19,vrouw,vrouw,Nederlands,Engels goede kennis,,Nederlands,"59,7 kg","1,70 m",Nee,Nee,Nee,Nee,Nee,7,7,Nee,5,5,5,5,5,5,5,5,5,5,4,3,4,5,3,2,5,3,5,3,3,3,4,2,5,2,1,2,1,4,4,2,1,1,3,5,3,2,5,2,3,3,3,4,5,5,1,2,1,4,1,3,3,1,5,4,2,4,1,1,2,3,5,5,4,2,3,5,5,1,4,3,
2024-03-26 16:42:06,2024-03-26 16:50:03,IP Address,89.205.139.160,100,477,True,2024-03-26 16:50:03,R_8iwoqe63XzHsi0q,,,,,51.9179,4.4901,anonymous,EN,62.0,19,vrouw,vrouw,"Nederlands ","Engels vloeiend, Frans basiskennis ",,"Nederlands ","51,9",169,"Ja, wel gecorrigeerd",Nee,Nee,Nee,Nee,7,7,Ja,1,1,1,1,1,1,1,1,1,1,5,3,5,5,2,3,2,4,4,1,3,3,3,1,5,1,2,1,1,5,3,4,2,1,1,5,1,1,4,1,2,1,2,4,5,3,2,1,1,5,2,3,3,1,4,3,2,5,1,1,2,1,1,3,5,1,1,4,4,1,2,4,X
2024-03-27 12:14:30,2024-03-27 12:22:12,IP Address,145.137.181.101,100,461,True,2024-03-27 12:22:13,R_7QJl39o4e3Hf87h,,,,,51.8441,5.8844,anonymous,EN,63_0,17,vrouw,vrouw,Nederlands,"Engels (vloeiend)
Frans (basiskennis)",,Nederlands,56.6 kg,1.69 meter,"Ja, wel gecorrigeerd",Nee,Nee,Nee,Nee,7,7,Nee,5,5,5,5,5,5,5,5,5,5,5,5,3,5,3,1,4,3,4,4,2,5,1,3,5,5,2,2,1,5,5,3,4,3,5,3,1,2,4,3,1,4,3,5,3,5,2,1,3,2,4,2,4,1,3,1,1,3,1,4,3,1,1,3,3,4,3,5,5,4,5,2,
2024-03-27 12:11:38,2024-03-27 12:23:18,IP Address,145.137.184.136,100,699,True,2024-03-27 12:23:18,R_5roKt8TiUOKS8SE,,,,,51.8149,5.8171,anonymous,EN,63-1,"18 ",vrouw,vrouw,"Nederlands ","Engels (vloeiend), Duits (basiskennis), Zweeds (basiskennis) ",,"Nederlands ",70.0 kg,"1.77m ",Nee,Nee,Nee,Nee,Nee,7,7,Nee,5,5,5,5,5,5,5,3,5,3,4,5,4,5,5,1,2,3,5,4,3,4,2,2,3,4,3,2,1,1,4,4,2,1,4,4,2,3,4,4,1,1,3,5,2,5,4,5,3,1,3,2,4,1,4,2,1,5,2,5,2,5,3,4,2,4,3,4,5,4,5,4,
2024-03-27 14:36:11,2024-03-27 14:44:10,IP Address,109.36.132.244,100,479,True,2024-03-27 14:44:11,R_5PY600HjYbztGLR,,,,,51.8919,4.4923,anonymous,EN,64-1,18,man,man,Dutch,Engels (middelmatig),,Nederlands,"72,1",183,Nee,Nee,Nee,Nee,Nee,6,6,Nee,5,5,5,5,5,4,5,5,5,5,5,3,4,4,2,3,4,4,4,4,3,4,3,4,3,2,4,4,2,2,4,2,3,2,3,4,2,2,3,4,5,3,2,3,2,4,2,3,3,2,3,4,4,3,3,4,2,4,2,4,2,3,4,4,3,4,3,3,4,2,3,2,
2024-03-27 14:35:56,2024-03-27 14:50:17,IP Address,89.205.134.182,100,860,True,2024-03-27 14:50:17,R_1rCbBeOAwXycQKW,,,,,51.9777,5.9037,anonymous,EN,64.0,18,vrouw,vrouw,Nederlands,"Engels (vloeiend), duits (goede kennis), spaans (basiskennis)",,Nederlands,"57,8",162,Nee,Nee,Nee,Nee,Nee,7,7,Nee,5,5,4,5,5,4,5,3,5,5,5,4,4,3,3,3,2,4,5,1,4,4,3,2,4,2,3,2,1,4,4,4,2,2,2,5,1,1,5,3,3,2,2,4,4,3,4,2,2,4,1,4,4,1,4,4,3,5,2,4,4,2,4,4,5,1,2,4,5,3,2,3,
2024-04-09 12:44:28,2024-04-09 12:55:12,IP Address,145.116.179.116,100,643,True,2024-04-09 12:55:13,R_2WLzwuNDHbnFPYB,,,,,51.8385,5.8731,anonymous,EN,65_1,18,man,man,Nederlands,"Engels (vloeiend), Spaans (goeie kennis), Frans (goeie kennis), Duits (goeie kennis)",,"Nederlands, Surinaams",81.1,1.91,"Ja, wel gecorrigeerd",Nee,Nee,Nee,Nee,5,7,Nee,5,5,4,4,5,3,5,3,5,3,4,5,4,3,3,5,2,5,5,3,5,5,2,3,4,2,5,2,3,5,2,4,5,2,3,5,1,1,5,4,5,2,2,3,5,2,4,1,1,4,1,5,4,2,4,5,1,5,2,1,5,1,1,5,4,2,1,4,3,1,2,4,
2024-04-09 12:44:55,2024-04-09 12:56:19,IP Address,145.137.168.220,100,684,True,2024-04-09 12:56:20,R_2sAYt0jmtRYze9i,,,,,51.8199,5.8715,anonymous,EN,65_0,21,vrouw,vrouw,"Nederlands ","Engels (vloeiend), Duits (basiskennis), Frans (basiskennis), Spaans (basiskennis)",,"Nederlands ",67,173 cm,Nee,Nee,Nee,Nee,Nee,1,6,Ja,1,1,1,3,1,3,1,1,1,3,4,2,4,5,3,3,2,4,5,3,3,4,4,2,4,3,3,2,1,4,5,2,3,1,3,3,3,1,4,3,3,4,3,4,4,4,2,3,1,1,3,4,4,3,4,3,3,4,1,2,2,2,2,4,4,2,2,4,3,3,3,3,
2024-04-09 15:03:50,2024-04-09 15:12:11,IP Address,145.116.174.39,100,500,True,2024-04-09 15:12:12,R_4dMs1Cgi3B7Cfpd,,,,,51.6204,5.4379,anonymous,EN,66_1,22,vrouw,vrouw,Nederlands,"Engels (vloeiend), Duits (basis), Frans (basis)",,Nederlands,54.3,173,Nee,Nee,Nee,Nee,Nee,7,7,Nee,5,5,5,5,5,5,5,5,5,5,3,5,4,5,3,3,1,5,5,3,5,5,2,1,2,2,5,1,1,1,3,5,5,1,2,3,1,1,4,1,2,1,3,5,2,3,5,3,2,3,3,5,5,2,3,4,1,4,1,3,2,1,1,3,3,3,1,5,4,3,1,5,
2024-04-09 15:03:30,2024-04-09 15:12:35,IP Address,145.116.159.164,100,545,True,2024-04-09 15:12:35,R_2c5TfABkThENmgO,,,,,51.8513,5.8638,anonymous,EN,66_0,20,vrouw,vrouw,Nederlands,Engels (vloeiend) duits (basiskennis),,Nederlands,"58,3","1,65",Nee,Nee,Nee,Nee,Nee,7,7,Nee,5,5,5,5,5,5,3,2,5,4,4,4,3,4,3,4,1,3,4,4,3,4,4,3,4,1,4,3,1,2,1,5,3,2,4,5,2,1,3,2,3,1,4,4,3,1,4,2,2,3,2,4,3,3,4,4,2,4,1,2,1,1,2,4,4,2,2,4,3,2,1,4,
2024-04-10 14:29:12,2024-04-10 14:38:20,IP Address,145.116.148.151,100,547,True,2024-04-10 14:38:20,R_1J7MoffunEkte1g,,,,,51.8199,5.8715,anonymous,EN,67_1,20,vrouw,vrouw,Nederlands,"Engels (vloeiend), Duits (ruim voldoende), Frans (basiskennis), Spaans (basiskennis)",,Nederlands,"60,5",168,Nee,Nee,Nee,Nee,Nee,7,7,Ja,5,5,4,5,3,3,4,1,5,5,4,3,4,5,2,2,3,3,4,2,3,4,3,4,4,4,3,3,1,4,5,3,3,2,3,5,2,2,4,3,1,3,5,4,4,5,3,2,4,3,3,5,2,1,3,1,1,3,2,2,4,2,3,3,4,2,4,3,5,2,5,2,
2024-04-10 14:29:09,2024-04-10 14:40:34,IP Address,145.137.143.168,100,685,True,2024-04-10 14:40:35,R_1MWBYvcJBJQMUaM,,,,,51.8149,5.8171,anonymous,EN,67_0,18,vrouw,vrouw,"Nederlands ",Engels (vloeiend) Duits (basiskennis),,"Nederlands ","57,2",173,Nee,Ja,Nee,Nee,Nee,6,6,Nee,5,5,4,4,3,4,4,4,4,4,4,3,4,4,2,3,4,5,4,4,4,4,3,2,3,3,3,2,1,3,3,2,3,2,4,4,3,2,3,3,3,4,2,4,3,4,2,2,3,3,3,4,4,2,4,3,3,4,2,3,4,4,3,3,3,3,4,3,4,2,4,3,
2024-04-15 14:35:22,2024-04-15 14:47:45,IP Address,145.137.151.158,100,742,True,2024-04-15 14:47:45,R_2TyNg5azy9KCQO5,,,,,51.8385,5.8731,anonymous,EN,68_1,18,vrouw,vrouw,Nederlands,"Engels (vloeiend), Duits (basiskennis)",,Nederlands,70 kilo,173 centimeter,Nee,Nee,Nee,Nee,Nee,7,7,Nee,5,5,5,5,5,5,5,5,5,4,5,3,4,5,4,2,2,3,4,4,3,4,4,3,3,4,4,2,1,2,4,4,3,3,4,4,1,2,3,3,2,2,3,3,2,4,4,2,2,2,3,4,4,2,3,3,2,3,2,3,2,1,3,4,2,3,2,4,3,4,4,3,Bij een opdracht ging het over geluid. Maar op het scherm stond er ‘kijk naar de beweging’. Verder was het erg duidelijk!
2024-04-15 14:35:53,2024-04-15 14:48:45,IP Address,89.205.137.234,100,771,True,2024-04-15 14:48:45,R_44k0YNfQwn02vEF,,,,,52.3591,4.793,anonymous,EN,68_0,18,vrouw,vrouw,Nederlands,"Engels (vloeiend), Frans (basiskennis), Spaans (basiskennis)",,Nederlands,"68,8","1,73","Ja, wel gecorrigeerd",Nee,Nee,Nee,Nee,7,7,Nee,5,5,5,5,5,5,5,5,5,5,5,3,4,4,2,3,1,3,5,2,4,3,2,1,5,2,4,3,1,4,4,5,4,2,4,4,2,2,2,3,2,2,4,4,4,4,3,3,1,4,2,3,3,2,4,3,1,3,1,2,1,1,2,4,5,3,3,4,4,3,2,3,
2024-04-17 12:51:10,2024-04-17 12:57:35,IP Address,145.137.191.203,100,385,True,2024-04-17 12:57:36,R_3BYtRC1s9hRJ5L3,,,,,51.8199,5.8715,anonymous,EN,69_0,20,vrouw,vrouw,Nederlands,"Engels (vloeiend), Duits/ Frans/ Zweeds (basiskennis)",,Nederlands,59.7,163,Nee,Nee,Nee,Nee,Nee,6,6,Nee,5,5,4,5,5,5,4,5,4,4,4,4,5,4,1,3,4,4,5,2,4,4,3,2,5,4,3,1,1,4,4,2,4,1,2,4,1,1,4,2,2,2,1,4,4,3,2,2,1,5,2,5,4,2,5,4,2,5,1,1,4,3,2,4,5,2,2,4,4,1,2,3,
2024-04-17 12:51:21,2024-04-17 12:59:09,IP Address,145.116.151.72,100,467,True,2024-04-17 12:59:10,R_7fe0Dn047gh37vH,,,,,51.8199,5.8715,anonymous,EN,69_1,22,vrouw,vrouw,Nederlands,Engels (vloeiend),,Nederlands,"80,5",160,Nee,Nee,Nee,Nee,Nee,7,7,Nee,4,5,5,5,5,4,4,5,4,5,5,5,4,5,3,3,3,4,5,2,4,5,2,1,4,2,4,2,1,4,4,3,3,2,2,3,3,2,4,2,4,2,2,4,3,4,2,3,1,4,2,4,3,2,4,4,2,4,2,3,1,1,2,4,4,2,3,4,4,2,2,3,
2024-04-22 12:32:08,2024-04-22 12:42:39,IP Address,145.137.179.80,100,631,True,2024-04-22 12:42:39,R_2VraQXRvQSmAkF2,,,,,51.8339,5.8643,anonymous,EN,70_1,23,vrouw,vrouw,Nederlands,"Engels (vloeiend)
Frans(basiskennis)",,Nederlands,98,178,Nee,Nee,Nee,Nee,Nee,5,7,Nee,5,5,5,5,5,5,5,5,5,5,5,4,5,5,4,2,4,4,5,2,4,4,2,2,4,2,4,2,1,2,4,3,4,2,2,4,2,1,4,3,3,2,2,4,3,4,2,2,1,4,3,2,4,2,5,3,2,5,2,4,2,4,2,5,5,2,2,3,3,2,4,4,
2024-04-22 12:33:34,2024-04-22 12:44:45,IP Address,145.137.138.116,100,670,True,2024-04-22 12:44:46,R_1JXxDtrmbrLpNWG,,,,,51.8421,5.8593,anonymous,EN,70_0,23,man,man,Nederlands,Engels (vloeiend),,Nederlands en Marokkaans,83,189,"Ja, wel gecorrigeerd",Nee,Nee,Nee,Nee,5,6,Nee,5,5,4,4,3,3,4,3,4,3,5,5,5,5,3,2,3,5,5,4,3,5,3,3,4,4,5,2,2,3,3,4,3,1,4,5,1,1,4,2,2,1,1,4,4,4,4,2,4,1,3,4,4,4,3,3,1,4,2,2,2,2,2,2,3,4,2,3,2,4,3,5,
2024-04-25 11:03:21,2024-04-25 11:11:25,IP Address,145.116.136.246,100,483,True,2024-04-25 11:11:25,R_7324LTKC4t8SoZY,,,,,51.8118,5.8578,anonymous,EN,71_1,20,vrouw,vrouw,Nederlands,Engels,,Nederlands,75.7,177cm,Nee,Nee,Nee,Nee,Nee,6,5,Nee,5,5,5,5,5,2,5,5,5,5,5,5,4,4,2,2,4,4,5,2,4,2,2,2,2,2,3,2,1,4,2,4,3,2,2,3,2,2,4,3,2,2,4,2,4,4,4,2,1,4,3,5,4,3,4,2,3,4,2,2,3,1,3,4,4,2,2,3,3,2,2,3,
2024-04-25 11:03:17,2024-04-25 11:12:40,IP Address,145.137.155.1,100,563,True,2024-04-25 11:12:41,R_7g74JPBfT6TakDv,,,,,51.8118,5.8578,anonymous,EN,71_0,22,vrouw,vrouw,Nederlands,"Engels (vloeiend), Duits (basis), Frans (basis)",,Nederlands,"51,7",165,Nee,Nee,Nee,Nee,Nee,4,6,Nee,5,5,5,4,4,5,4,4,4,4,5,3,5,5,3,2,2,2,5,1,2,5,2,2,4,4,5,2,1,4,5,4,2,1,2,4,3,1,5,3,3,2,2,4,4,2,4,1,1,3,2,5,4,1,4,3,1,4,1,2,2,2,2,4,2,1,3,5,5,2,2,4,
2024-04-26 12:50:07,2024-04-26 12:58:46,IP Address,145.137.150.188,100,519,True,2024-04-26 12:58:47,R_2kMOg7wpEIoLv3a,,,,,51.7821,5.8562,anonymous,EN,72_1,23,man,man,Nederlands,"Engels (vloeiend), Duits (basiskennis)",,"Nederlands ",86,180,Nee,Nee,Nee,Nee,Nee,7,7,Ja,1,1,5,3,3,4,3,3,5,3,5,3,4,5,2,4,3,3,5,3,5,5,5,1,4,1,4,2,1,2,3,3,4,1,4,4,1,2,5,4,5,3,3,4,2,2,2,2,2,4,3,5,3,1,4,3,1,4,3,4,5,3,2,4,5,2,3,3,5,2,1,3,
2024-04-26 12:50:18,2024-04-26 13:00:35,IP Address,109.37.156.225,100,617,True,2024-04-26 13:00:35,R_1gO3T2RmGVNSVEt,,,,,52.0854,5.1653,anonymous,EN,72_0,23,man,man,Nederlands,"Engels (vloeiend),  Frans (basiskennis)",,Nederlands,"71,8",176,"Ja, wel gecorrigeerd",Nee,Nee,Nee,Nee,7,7,Nee,5,5,5,5,1,5,5,5,5,5,5,3,4,4,4,3,2,4,4,4,3,5,3,3,3,3,5,2,2,2,3,4,4,2,5,3,2,2,3,4,2,3,3,4,3,4,5,2,2,2,3,4,4,2,3,3,2,5,2,3,3,3,2,4,2,4,2,5,4,4,4,4,
